binFlag,y_min,y_max,Sigma,stat,uncor,sysATLAS1001,sysATLAS1002,sysATLAS1003,sysATLAS1004,sysATLAS1005,sysATLAS1006,sysATLAS1007,sysATLAS1008,sysATLAS1009,sysATLAS1010,sysATLAS1011,sysATLAS1012,sysATLAS1013,sysATLAS1014,sysATLAS1015,sysATLAS1016,sysATLAS1017,sysATLAS1018,sysATLAS1019,sysATLAS1020,sysATLAS1021,sysATLAS1022,sysATLAS1023,sysATLAS1024,sysATLAS1025,sysATLAS1026,sysATLAS1027,sysATLAS1028,sysATLAS1029,sysATLAS1030,sysATLAS1031,sysATLAS1032,sysATLAS1033,sysATLAS1034,sysATLAS1035,sysATLAS1036,sysATLAS1037,sysATLAS1038,sysATLAS1039,sysATLAS1040,sysATLAS1041,sysATLAS1042,sysATLAS1043,sysATLAS1044,sysATLAS1045,sysATLAS1046,sysATLAS1047,sysATLAS1048,sysATLAS1049,sysATLAS1050,sysATLAS1051,sysATLAS1052,sysATLAS1053,sysATLAS1054,sysATLAS1055,sysATLAS1056,sysATLAS1057,sysATLAS1058,sysATLAS1059,sysATLAS1060,sysATLAS1061,sysATLAS1062,sysATLAS1063,sysATLAS1064,sysATLAS1065,sysATLAS1066,sysATLAS1067,sysATLAS1068,sysATLAS1069,sysATLAS1070,sysATLAS1071,sysATLAS1072,sysATLAS1073,sysATLAS1074,sysATLAS1075,sysATLAS1076,sysATLAS1077,sysATLAS1078,sysATLAS1079,sysATLAS1080,sysATLAS1081,sysATLAS1082,sysATLAS1083,sysATLAS1084,sysATLAS1085,sysATLAS1086,sysATLAS1087,sysATLAS1088,sysATLAS1089,sysATLAS1090,sysATLAS1091,sysATLAS1092,sysATLAS1093,sysATLAS1094,sysATLAS1095,sysATLAS1096,sysATLAS1097,sysATLAS1098,sysATLAS1099,sysATLAS1100,sysATLAS1101,sysATLAS1102,sysATLAS1103,sysATLAS1104,sysATLAS1105,sysATLAS1106,sysATLAS1107,sysATLAS1108,sysATLAS1109,sysATLAS1110,sysATLAS1111,sysATLAS1112,sysATLAS1113,sysATLAS1114,sysATLAS1115,sysATLAS1116,sysATLAS1117,sysATLAS1118,sysATLAS1119,sysATLAS1120,sysATLAS1121,sysATLAS1122,sysATLAS1123,sysATLAS1124,sysATLAS1125,sysATLAS1126,sysATLAS1127,sysATLAS1128,sysATLAS1129,sysATLAS1130,AtlasLumi2011,uncor
1,0.0000E+00,4.0000E-01,3.5244E+00,9.7090E-01,5.1777E-01,-0.046,0.043,0.157,0.030,0.028,-0.040,0.034,-0.052,0.046,-0.197,0.299,0.175,0.001,0.006,0.326,0.009,0.029,0.009,0.001,0.003,0.000,-0.006,0.008,-0.003,-0.007,0.013,-0.007,0.003,-0.002,0.002,0.000,0.002,-0.003,0.003,0.001,0.007,-0.005,0.003,0.000,-0.002,-0.005,-0.006,0.002,-0.002,-0.012,0.001,-0.017,0.003,-0.009,-0.000,0.018,0.011,0.829,-0.032,-0.046,0.110,-0.048,-0.006,0.104,0.080,0.047,-0.002,-0.087,-0.039,-0.031,0.070,0.000,-0.020,0.060,0.001,0.202,0.155,0.075,0.015,-0.066,-0.015,-0.025,-0.028,0.356,-0.110,-0.041,-0.011,0.043,-0.026,-0.038,0.013,0.051,0.017,-0.016,-0.007,0.000,-0.000,0.000,0.000,0.000,0.000,-0.000,-0.000,0.000,0.016,-0.010,0.002,-0.000,-0.007,-0.000,0.005,-0.007,0.003,-0.013,0.007,-0.008,-0.077,-0.057,-0.025,-0.003,-0.004,-0.001,-0.017,0.053,0.017,0.033,0.007,0.038,-0.035,-0.031,-0.006,-0.025,-0.020,-0.013,0.019,1.8,0.1385
1,4.0000E-01,8.0000E-01,3.5490E+00,9.4776E-01,4.7449E-01,-0.034,0.050,0.155,0.021,0.058,-0.045,0.027,0.026,0.034,-0.204,0.248,0.149,0.002,0.006,0.313,0.008,0.027,0.007,0.003,0.014,-0.007,0.003,0.000,-0.001,-0.004,0.006,-0.005,0.003,-0.003,-0.002,-0.001,-0.000,-0.003,0.002,-0.002,0.013,-0.008,0.001,0.001,-0.007,-0.005,-0.010,0.003,-0.004,-0.013,0.001,-0.018,0.003,-0.011,0.000,-0.000,0.016,0.768,-0.062,-0.053,0.084,-0.044,-0.005,0.146,0.082,0.040,-0.034,-0.092,-0.041,-0.020,0.059,-0.002,-0.028,0.064,0.002,0.196,0.149,0.068,0.006,-0.028,-0.003,-0.009,-0.011,0.299,-0.050,0.010,0.014,0.015,-0.024,-0.025,0.021,0.037,0.015,0.001,-0.015,0.000,-0.000,-0.000,0.000,0.000,0.000,-0.000,-0.000,0.000,0.015,-0.004,0.001,-0.002,-0.008,0.000,0.007,-0.001,0.002,-0.016,0.006,-0.006,-0.066,-0.046,-0.028,0.000,-0.001,0.003,-0.007,0.043,0.032,0.026,0.007,0.034,-0.029,-0.034,-0.005,-0.033,-0.016,-0.003,0.020,1.8,0.13725
1,8.0000E-01,1.2000E+00,3.4114E+00,9.7338E-01,4.8424E-01,-0.009,0.069,0.186,0.022,0.015,-0.096,0.002,0.146,-0.020,-0.233,0.254,0.126,0.001,0.005,0.316,0.009,0.029,0.007,0.004,0.029,-0.016,0.010,-0.003,-0.001,-0.004,-0.000,-0.007,0.005,-0.003,-0.007,-0.000,-0.005,-0.006,0.002,-0.005,0.011,-0.013,0.002,0.000,-0.020,-0.009,-0.013,0.001,-0.004,-0.012,0.002,-0.021,0.004,-0.019,-0.002,0.109,0.054,0.855,-0.076,-0.099,0.078,-0.053,-0.012,0.161,0.079,0.038,-0.059,-0.090,-0.045,-0.030,0.051,-0.003,-0.080,0.089,0.001,0.187,0.117,0.041,-0.003,-0.017,-0.005,0.016,0.007,0.231,-0.001,0.083,0.039,-0.004,-0.012,-0.021,0.027,0.031,0.018,0.002,-0.009,0.000,-0.000,0.000,0.000,0.000,0.000,-0.000,-0.000,0.004,0.015,0.003,0.002,-0.002,-0.009,0.002,0.011,0.006,0.003,-0.019,0.004,-0.004,-0.058,-0.040,-0.030,0.003,0.001,0.007,-0.000,0.036,0.041,0.017,0.009,0.035,-0.022,-0.041,-0.004,-0.040,-0.013,0.010,0.020,1.8,0.1595
1,1.2000E+00,1.6000E+00,3.4228E+00,1.0050E+00,4.8441E-01,-0.005,0.079,0.198,-0.048,0.056,-0.138,-0.038,0.143,-0.062,-0.243,0.175,0.087,0.002,0.006,0.297,0.007,0.025,0.004,0.006,0.038,-0.017,0.010,0.001,0.004,-0.005,-0.004,-0.011,0.011,-0.005,-0.006,0.004,-0.011,-0.012,0.006,-0.003,0.001,-0.021,0.006,-0.006,-0.030,-0.010,-0.010,0.000,-0.006,-0.019,0.001,-0.019,0.009,-0.023,0.002,-0.032,0.004,0.755,-0.057,-0.067,0.079,-0.048,0.003,0.183,0.076,0.038,-0.060,-0.107,-0.039,-0.023,0.040,0.012,-0.041,0.100,0.001,0.182,0.101,0.033,0.009,-0.021,-0.008,0.015,0.005,0.208,0.006,0.070,0.031,-0.010,-0.005,-0.017,0.036,0.041,0.009,-0.011,-0.006,0.000,-0.000,-0.000,0.000,0.000,0.000,-0.000,-0.000,-0.016,0.015,0.010,-0.001,-0.007,-0.010,0.001,-0.008,0.014,-0.003,-0.022,0.004,-0.001,-0.061,-0.033,-0.042,0.003,0.008,0.020,0.016,0.038,0.078,0.024,0.012,0.033,-0.024,-0.050,-0.008,-0.053,-0.023,0.016,0.037,1.8,0.162
1,1.6000E+00,2.0000E+00,2.9417E+00,1.0929E+00,4.6938E-01,-0.002,0.088,0.192,-0.023,-0.029,-0.107,0.015,-0.035,-0.034,-0.274,0.061,0.051,0.001,0.004,0.301,0.007,0.024,0.000,0.009,0.041,-0.023,0.003,0.012,0.005,-0.019,0.011,-0.019,0.018,-0.004,-0.004,0.004,-0.007,-0.017,0.013,0.002,0.004,-0.023,0.009,-0.002,-0.027,-0.017,-0.010,0.003,-0.005,-0.024,-0.000,-0.028,0.008,-0.024,0.003,-0.326,0.082,0.709,-0.090,-0.082,0.077,-0.032,-0.022,0.117,0.066,0.040,-0.027,-0.112,-0.021,-0.027,0.033,0.011,0.005,0.058,0.001,0.197,0.101,0.010,0.021,-0.023,-0.023,0.010,0.004,0.201,-0.018,0.035,0.017,-0.011,0.012,-0.018,0.041,0.051,-0.006,-0.008,-0.019,0.000,-0.000,-0.000,0.000,0.000,0.000,-0.000,-0.000,-0.011,0.015,0.016,-0.005,-0.010,-0.004,0.001,-0.002,0.028,-0.008,-0.020,0.004,0.000,-0.056,-0.042,-0.050,0.002,0.006,0.016,0.010,0.035,0.089,0.018,0.014,0.042,-0.007,-0.063,-0.006,-0.064,-0.020,0.043,0.016,1.8,0.2065
1,2.0000E+00,2.4000E+00,1.5412E+00,1.6420E+00,6.0481E-01,-0.003,0.087,0.156,-0.026,-0.021,-0.025,-0.018,-0.075,0.026,-0.288,-0.018,0.026,0.000,0.003,0.285,0.006,0.019,-0.002,0.009,0.038,-0.019,-0.007,0.015,0.005,-0.035,0.014,-0.016,0.014,-0.009,-0.001,0.005,-0.002,-0.009,0.019,0.004,-0.002,-0.027,0.009,-0.008,-0.026,-0.015,-0.008,0.000,-0.007,-0.023,0.003,-0.019,0.005,-0.019,0.006,0.039,0.445,0.684,0.002,-0.020,0.086,-0.026,-0.041,0.067,0.037,0.063,-0.025,-0.024,-0.022,-0.035,0.026,0.025,0.014,0.133,0.001,0.192,0.045,0.043,0.021,-0.024,-0.010,-0.001,0.007,0.180,0.020,0.021,0.027,0.000,-0.008,-0.016,0.050,0.058,-0.018,-0.013,-0.023,0.000,-0.000,-0.000,0.000,0.000,0.000,-0.000,-0.000,-0.019,0.012,0.023,-0.002,-0.013,-0.002,0.003,-0.016,0.038,-0.006,-0.017,0.001,0.004,-0.045,-0.032,-0.053,0.003,0.009,0.023,0.022,0.024,0.103,0.016,0.014,0.033,-0.001,-0.064,-0.007,-0.074,-0.022,0.062,0.037,1.8,0.272625
1,0.0000E+00,2.0000E-01,1.3522E+02,1.8870E-01,1.0307E-01,-0.041,0.047,0.020,0.004,-0.000,-0.029,0.003,-0.010,0.086,-0.099,-0.004,0.013,-0.000,0.005,0.003,0.010,0.002,-0.001,0.006,-0.002,0.005,0.005,-0.004,-0.001,0.003,-0.000,0.004,-0.002,-0.000,0.001,-0.003,0.003,0.001,-0.002,-0.001,0.013,-0.006,-0.006,-0.004,0.004,0.006,-0.005,-0.001,0.001,-0.002,0.002,-0.010,0.003,0.002,0.003,0.039,-0.019,0.027,-0.031,-0.028,0.019,-0.006,-0.004,0.047,0.014,0.014,-0.009,-0.022,-0.002,-0.009,0.011,-0.005,-0.019,0.007,0.000,0.104,0.066,0.030,-0.002,-0.027,-0.010,-0.007,0.000,0.123,-0.006,0.012,0.020,0.002,0.001,-0.005,0.014,0.026,0.021,0.009,-0.009,0.000,-0.000,0.000,-0.000,0.000,-0.000,-0.000,-0.000,0.006,0.011,-0.002,0.000,-0.001,-0.006,-0.000,0.004,0.000,0.001,-0.009,0.001,-0.005,-0.060,-0.024,-0.033,0.002,-0.001,0.005,0.009,0.032,0.044,0.030,-0.000,-0.008,-0.017,-0.027,-0.009,-0.048,-0.024,-0.003,0.040,1.8,0.056
1,2.0000E-01,4.0000E-01,1.3474E+02,1.9344E-01,9.6847E-02,-0.028,0.050,0.023,-0.002,0.004,-0.028,-0.001,-0.004,0.082,-0.102,-0.008,0.012,-0.000,0.005,0.003,0.010,0.002,-0.001,0.006,-0.003,0.006,0.003,-0.003,-0.001,0.002,0.000,0.003,-0.002,0.000,0.001,-0.002,0.002,0.000,-0.001,-0.001,0.009,-0.005,-0.004,-0.002,0.002,0.004,-0.003,-0.002,0.002,-0.002,0.002,-0.009,0.003,0.001,0.002,0.025,0.005,0.027,-0.029,-0.025,0.020,-0.009,-0.005,0.059,0.016,0.015,-0.009,-0.023,-0.004,-0.010,0.011,-0.005,-0.019,0.010,0.000,0.101,0.062,0.029,-0.001,-0.026,-0.011,-0.004,-0.004,0.122,-0.012,0.003,0.016,0.005,0.000,-0.006,0.016,0.027,0.020,0.005,-0.004,0.000,-0.000,-0.000,-0.000,0.000,-0.000,-0.000,-0.000,0.004,0.011,-0.001,0.001,-0.001,-0.004,0.000,0.002,0.002,0.001,-0.008,0.001,-0.005,-0.060,-0.026,-0.034,0.002,-0.001,0.006,0.009,0.033,0.045,0.030,-0.000,-0.007,-0.015,-0.029,-0.009,-0.049,-0.025,-0.000,0.038,1.8,0.059
1,4.0000E-01,6.0000E-01,1.3424E+02,1.9479E-01,9.1539E-02,-0.032,0.052,0.023,0.004,0.004,-0.027,-0.000,-0.005,0.086,-0.102,-0.008,0.012,-0.000,0.005,0.003,0.010,0.002,-0.001,0.006,-0.000,0.004,0.004,-0.002,-0.001,0.003,-0.000,0.002,-0.001,0.001,0.000,-0.002,0.002,-0.001,-0.001,-0.000,0.008,-0.005,-0.003,-0.004,0.001,0.003,-0.004,-0.001,0.002,-0.002,0.001,-0.009,0.003,-0.000,0.002,0.032,-0.004,0.026,-0.030,-0.031,0.021,-0.007,-0.007,0.049,0.013,0.015,-0.008,-0.025,-0.002,-0.010,0.011,-0.004,-0.022,0.007,0.000,0.103,0.058,0.022,-0.002,-0.025,-0.013,-0.003,-0.008,0.126,-0.019,0.003,0.012,0.009,0.005,-0.006,0.016,0.030,0.015,-0.002,0.003,0.000,-0.000,0.000,-0.000,0.000,-0.000,-0.000,-0.000,0.005,0.011,-0.001,0.001,-0.001,-0.004,-0.000,0.004,0.002,0.001,-0.008,0.001,-0.005,-0.058,-0.025,-0.032,0.002,-0.001,0.005,0.008,0.031,0.043,0.029,0.000,-0.008,-0.014,-0.029,-0.009,-0.047,-0.025,-0.000,0.037,1.8,0.060
1,6.0000E-01,8.0000E-01,1.3308E+02,1.9940E-01,9.4418E-02,-0.028,0.056,0.022,-0.005,-0.009,-0.032,-0.005,-0.010,0.083,-0.104,-0.014,0.011,-0.000,0.005,0.003,0.010,0.002,-0.002,0.006,0.001,0.003,0.005,-0.002,-0.000,0.003,-0.001,0.002,-0.000,-0.000,0.000,-0.001,0.001,-0.001,-0.000,0.001,0.008,-0.006,-0.004,-0.004,-0.000,0.003,-0.004,-0.000,0.002,-0.003,-0.001,-0.009,0.003,-0.001,0.003,0.020,-0.011,0.023,-0.026,-0.025,0.023,-0.007,-0.007,0.050,0.015,0.019,-0.009,-0.022,-0.003,-0.011,0.012,-0.003,-0.018,0.010,0.000,0.105,0.055,0.013,-0.002,-0.022,-0.008,-0.001,-0.004,0.131,-0.031,0.003,0.007,0.010,0.006,-0.007,0.018,0.031,0.009,-0.010,0.006,0.000,-0.000,-0.000,-0.000,0.000,-0.000,-0.000,-0.000,0.001,0.011,-0.002,0.000,-0.001,-0.004,-0.000,0.001,0.002,0.000,-0.008,0.002,-0.005,-0.059,-0.025,-0.032,0.002,-0.001,0.006,0.009,0.032,0.044,0.030,0.001,-0.008,-0.015,-0.028,-0.009,-0.045,-0.026,-0.002,0.037,1.8,0.059
1,8.0000E-01,1.0000E+00,1.3248E+02,1.9726E-01,1.0030E-01,-0.009,0.067,0.020,-0.009,0.000,-0.030,0.007,0.019,0.081,-0.108,-0.018,0.010,-0.000,0.004,0.002,0.010,0.002,-0.002,0.006,0.001,0.002,0.005,-0.003,0.000,0.002,-0.001,-0.001,0.001,0.002,-0.000,-0.002,0.001,-0.002,0.001,-0.000,0.009,-0.003,-0.002,0.001,-0.001,0.001,-0.003,-0.001,0.001,-0.006,-0.001,-0.010,0.003,-0.005,0.002,0.035,-0.018,0.027,-0.026,-0.019,0.021,-0.007,-0.008,0.045,0.012,0.016,-0.009,-0.020,-0.001,-0.009,0.009,-0.002,-0.008,0.007,0.000,0.108,0.045,0.007,0.003,-0.018,-0.007,0.005,0.006,0.124,-0.035,-0.004,-0.000,0.012,0.004,-0.011,0.021,0.031,0.002,-0.012,-0.000,0.000,-0.000,0.000,-0.000,0.000,-0.000,-0.000,-0.000,-0.003,0.010,-0.001,-0.001,-0.000,-0.002,-0.000,-0.002,0.002,-0.002,-0.007,0.001,-0.004,-0.057,-0.027,-0.032,0.000,-0.002,0.006,0.006,0.032,0.043,0.027,-0.000,-0.006,-0.012,-0.027,-0.009,-0.040,-0.025,-0.003,0.025,1.8,0.061
1,1.0000E+00,1.2000E+00,1.2906E+02,2.0435E-01,1.0821E-01,-0.009,0.071,0.012,0.003,-0.003,-0.033,0.003,0.030,0.079,-0.109,-0.024,0.008,-0.000,0.004,0.002,0.009,0.002,-0.001,0.006,0.004,-0.001,0.006,-0.003,0.001,0.001,-0.001,-0.000,0.002,0.000,-0.002,-0.002,0.000,-0.003,0.001,-0.000,0.007,-0.003,-0.001,0.002,-0.002,-0.001,-0.003,-0.002,-0.001,-0.007,-0.000,-0.010,0.003,-0.005,0.002,0.034,-0.035,0.023,-0.023,-0.018,0.020,-0.006,-0.008,0.039,0.011,0.017,-0.007,-0.015,0.001,-0.008,0.011,-0.004,-0.003,0.009,0.000,0.112,0.036,0.005,0.005,-0.014,-0.008,0.008,0.005,0.121,-0.033,-0.006,-0.001,0.012,0.007,-0.013,0.023,0.030,-0.006,-0.005,-0.011,0.000,-0.000,0.000,-0.000,0.000,-0.000,-0.000,-0.000,-0.004,0.010,-0.000,-0.002,-0.000,-0.002,-0.000,-0.003,0.002,-0.003,-0.007,0.000,-0.004,-0.056,-0.026,-0.034,0.000,-0.002,0.007,0.007,0.032,0.046,0.027,-0.001,-0.007,-0.011,-0.028,-0.009,-0.040,-0.025,-0.003,0.024,1.8,0.060
1,1.2000E+00,1.4000E+00,1.1992E+02,2.0901E-01,9.4119E-02,-0.010,0.076,0.001,0.001,0.006,-0.039,-0.005,-0.035,0.074,-0.110,-0.032,0.007,-0.000,0.005,0.003,0.009,0.002,-0.001,0.006,0.012,-0.006,0.008,-0.003,0.002,-0.000,-0.002,0.001,0.003,-0.001,-0.002,-0.001,-0.001,-0.004,0.003,0.002,0.005,-0.006,-0.002,-0.001,-0.003,0.000,-0.003,-0.003,-0.000,-0.008,0.001,-0.009,0.002,-0.004,0.005,-0.023,0.026,0.030,-0.025,-0.013,0.019,-0.007,-0.008,0.035,0.012,0.016,-0.004,-0.008,-0.002,-0.010,0.009,-0.003,0.005,0.002,0.000,0.120,0.038,0.006,0.002,-0.009,-0.004,0.003,-0.001,0.133,-0.025,-0.007,0.000,0.011,0.005,-0.012,0.028,0.028,-0.006,0.006,-0.008,0.000,0.000,-0.000,-0.000,0.000,-0.000,-0.000,-0.000,-0.004,0.011,0.001,-0.001,-0.001,-0.001,0.001,-0.004,0.006,-0.002,-0.007,0.001,-0.004,-0.059,-0.026,-0.036,0.001,-0.001,0.009,0.009,0.033,0.052,0.030,0.000,-0.007,-0.009,-0.032,-0.010,-0.049,-0.028,0.004,0.030,1.8,0.064
1,1.4000E+00,1.6000E+00,1.0732E+02,2.2674E-01,1.2397E-01,-0.006,0.076,-0.014,-0.001,0.006,-0.034,0.000,0.023,0.073,-0.111,-0.038,0.006,-0.000,0.004,0.003,0.009,0.002,-0.001,0.004,0.012,-0.007,0.009,-0.003,0.002,-0.001,-0.003,-0.002,0.004,-0.000,-0.003,-0.001,-0.002,-0.005,0.004,0.001,0.007,-0.004,-0.001,0.001,-0.003,-0.001,-0.005,-0.002,-0.003,-0.007,0.001,-0.010,0.001,-0.005,0.002,-0.012,-0.073,0.024,-0.021,-0.008,0.017,-0.005,-0.009,0.032,0.001,0.016,-0.004,0.002,-0.000,-0.010,0.002,-0.007,-0.009,0.008,0.000,0.121,0.021,0.008,0.004,-0.004,0.004,0.006,0.001,0.126,-0.015,0.003,0.002,0.015,0.001,-0.017,0.033,0.026,-0.009,0.014,0.002,0.000,-0.000,-0.000,-0.000,0.000,-0.000,-0.000,-0.000,-0.004,0.010,0.001,-0.001,-0.001,-0.002,0.001,-0.004,0.005,-0.002,-0.007,-0.000,-0.004,-0.059,-0.027,-0.036,0.001,-0.001,0.009,0.009,0.032,0.050,0.028,-0.001,-0.007,-0.011,-0.030,-0.009,-0.046,-0.026,0.002,0.030,1.8,0.074
1,1.6000E+00,1.8000E+00,8.9866E+01,2.4819E-01,1.1311E-01,-0.000,0.090,-0.035,-0.003,-0.016,-0.039,0.003,-0.016,0.071,-0.117,-0.049,0.005,-0.000,0.004,0.003,0.009,0.002,-0.001,0.002,0.013,-0.008,0.009,0.001,0.004,-0.004,-0.001,-0.005,0.006,0.000,-0.002,0.000,-0.002,-0.008,0.006,0.001,0.006,-0.004,-0.002,0.002,-0.003,-0.002,-0.002,-0.002,-0.001,-0.005,-0.000,-0.010,0.002,-0.005,0.003,-0.191,-0.004,0.021,-0.025,-0.013,0.014,-0.001,-0.006,0.028,0.006,0.013,-0.005,0.004,0.002,-0.012,0.006,-0.007,-0.010,-0.004,0.000,0.123,0.026,-0.004,0.010,-0.003,-0.003,0.011,0.004,0.125,-0.031,0.001,0.003,0.012,0.010,-0.022,0.052,0.023,-0.004,0.011,0.004,0.000,0.000,-0.000,-0.000,0.000,-0.000,-0.000,-0.000,-0.002,0.011,0.004,0.001,-0.003,0.001,0.002,-0.005,0.014,-0.000,-0.006,0.001,-0.003,-0.062,-0.034,-0.041,0.000,-0.002,0.008,0.009,0.034,0.058,0.030,0.001,-0.005,-0.006,-0.040,-0.010,-0.059,-0.028,0.021,0.036,1.8,0.074
1,1.8000E+00,2.0000E+00,6.8798E+01,2.8546E-01,1.4880E-01,-0.003,0.096,-0.050,0.002,0.010,-0.045,-0.008,-0.026,0.067,-0.116,-0.056,0.005,-0.000,0.005,0.004,0.009,0.002,-0.002,-0.001,0.013,-0.009,-0.001,0.006,0.004,-0.010,0.006,-0.006,0.010,-0.001,-0.001,0.001,-0.001,-0.008,0.007,0.001,0.004,-0.006,-0.002,-0.000,-0.004,-0.001,-0.000,-0.002,0.000,-0.005,-0.000,-0.010,0.002,-0.005,0.004,-0.111,-0.017,0.023,-0.028,-0.026,0.011,-0.001,-0.003,0.026,0.007,0.012,-0.004,-0.010,0.003,-0.007,0.006,-0.009,-0.001,-0.000,0.000,0.126,0.009,-0.009,0.013,-0.007,-0.003,0.006,-0.002,0.113,-0.029,-0.002,-0.001,0.014,0.014,-0.021,0.062,0.019,0.002,0.007,0.003,0.000,0.000,-0.000,-0.000,0.000,-0.000,-0.000,-0.000,-0.002,0.011,0.004,-0.001,-0.002,-0.000,0.001,-0.003,0.011,-0.003,-0.007,-0.000,-0.003,-0.058,-0.026,-0.039,0.001,-0.001,0.009,0.011,0.032,0.058,0.029,0.001,-0.008,-0.004,-0.037,-0.010,-0.055,-0.028,0.013,0.030,1.8,0.102
1,2.0000E+00,2.2000E+00,4.5615E+01,3.5709E-01,2.2202E-01,-0.004,0.095,-0.056,0.007,-0.004,-0.055,-0.002,0.005,0.063,-0.109,-0.055,0.003,-0.000,0.005,0.004,0.008,0.002,-0.002,-0.001,0.011,-0.009,-0.003,0.006,0.007,-0.018,0.008,-0.007,0.009,-0.004,-0.000,0.000,0.003,-0.005,0.012,0.000,0.007,-0.006,-0.002,0.001,-0.004,-0.001,-0.001,-0.002,-0.001,-0.006,0.000,-0.010,0.002,-0.005,0.003,0.040,-0.001,0.014,-0.029,-0.047,0.004,-0.004,-0.007,0.033,0.008,0.009,-0.005,-0.011,0.006,-0.008,0.003,0.001,-0.010,0.016,0.000,0.133,-0.038,0.007,0.010,-0.010,0.001,0.003,-0.001,0.092,-0.022,-0.004,-0.003,0.024,0.010,-0.021,0.089,0.006,0.018,-0.007,-0.004,-0.000,-0.000,0.000,-0.000,0.000,-0.000,-0.000,-0.000,0.004,0.011,0.005,-0.001,-0.001,-0.000,0.001,0.002,0.012,-0.003,-0.006,-0.001,-0.003,-0.055,-0.025,-0.039,0.001,-0.001,0.007,0.009,0.029,0.056,0.025,-0.001,-0.010,-0.000,-0.036,-0.009,-0.054,-0.025,0.015,0.025,1.8,0.129
1,2.2000E+00,2.4000E+00,2.2228E+01,5.9484E-01,3.6871E-01,-0.000,0.098,-0.060,0.002,0.034,-0.046,-0.006,0.055,0.070,-0.113,-0.053,0.002,-0.000,0.005,0.004,0.008,0.001,-0.002,-0.002,0.010,-0.006,-0.002,0.006,-0.002,-0.031,0.001,-0.009,0.000,-0.004,0.001,0.002,0.004,0.003,0.008,-0.001,0.007,-0.004,-0.001,0.002,-0.005,-0.002,-0.003,-0.002,-0.004,-0.005,0.002,-0.008,0.002,-0.006,0.002,0.152,0.033,0.015,-0.006,-0.024,0.009,-0.005,-0.007,0.034,0.002,0.007,-0.000,0.010,0.002,-0.008,0.005,-0.001,-0.022,0.013,0.000,0.151,-0.113,0.050,-0.030,-0.014,0.022,0.007,0.001,0.078,-0.015,-0.008,0.005,0.040,-0.004,-0.013,0.153,-0.025,0.056,-0.047,-0.038,-0.000,-0.000,0.000,-0.000,-0.000,-0.000,0.000,-0.000,0.001,0.010,0.007,0.002,-0.003,0.001,0.002,-0.005,0.017,0.001,-0.005,-0.002,-0.002,-0.055,-0.028,-0.041,0.001,0.001,0.009,0.011,0.026,0.059,0.024,-0.002,-0.012,0.000,-0.039,-0.009,-0.062,-0.025,0.029,0.040,1.8,0.215
1,0.0000E+00,4.0000E-01,1.5104E+00,1.4085E+00,9.0072E-01,-0.054,0.064,-0.022,-0.044,0.027,0.146,-0.049,0.097,-0.170,-0.097,0.177,0.426,0.000,-0.021,0.003,0.022,0.083,0.056,-0.019,0.010,0.007,-0.005,-0.002,0.001,-0.002,0.001,-0.001,0.001,0.000,0.003,0.003,-0.006,0.002,-0.004,-0.001,-0.029,-0.028,0.024,-0.017,-0.038,-0.028,-0.008,0.020,-0.008,-0.009,0.000,0.018,-0.001,-0.012,-0.015,-0.081,0.008,0.567,0.214,0.115,0.031,-0.016,0.008,0.029,0.031,-0.007,0.001,-0.028,-0.035,-0.000,0.022,0.033,0.028,0.137,0.001,0.131,0.090,0.090,0.028,-0.018,0.009,0.008,-0.019,0.192,-0.009,-0.030,0.011,0.004,-0.033,-0.028,0.010,-0.004,0.017,0.001,-0.006,-0.000,-0.000,-0.000,-0.000,0.000,0.000,0.000,-0.000,-0.053,-0.037,0.013,0.007,-0.011,-0.010,-0.006,-0.022,-0.010,0.007,-0.006,0.009,0.024,0.256,0.100,0.151,0.008,0.025,0.005,-0.026,-0.133,-0.154,-0.140,0.028,0.119,0.003,0.101,0.042,0.223,0.117,0.017,-0.097,1.8,0.066
1,4.0000E-01,8.0000E-01,1.4581E+00,1.3733E+00,6.1052E-01,-0.020,0.058,-0.018,-0.038,0.059,0.106,-0.038,-0.141,-0.227,-0.080,0.095,0.393,0.004,-0.020,0.003,0.024,0.079,0.038,-0.019,0.017,0.004,-0.004,0.006,0.002,-0.006,0.006,-0.003,0.004,-0.000,0.002,0.003,-0.005,-0.002,-0.001,0.006,-0.035,-0.032,0.025,-0.015,-0.040,-0.026,-0.003,0.017,-0.004,-0.015,-0.002,0.011,0.001,-0.013,-0.006,-0.127,-0.088,0.516,0.245,0.166,0.048,-0.025,-0.000,0.038,0.056,0.043,-0.007,-0.015,-0.063,0.008,0.057,0.050,0.112,0.191,0.001,0.128,0.101,0.112,0.021,-0.014,0.013,0.009,-0.017,0.208,-0.009,-0.035,0.019,0.005,-0.047,-0.023,-0.001,0.007,0.010,0.001,-0.008,-0.000,-0.000,-0.000,-0.000,0.000,0.000,0.000,-0.000,-0.080,-0.036,0.012,0.003,-0.010,-0.012,-0.008,-0.046,-0.018,-0.000,-0.007,0.008,0.024,0.230,0.082,0.140,0.005,0.024,0.014,-0.029,-0.112,-0.137,-0.125,0.028,0.133,-0.011,0.102,0.038,0.225,0.108,-0.013,-0.105,1.8,0.067
1,8.0000E-01,1.2000E+00,1.3497E+00,1.4522E+00,7.3355E-01,-0.014,0.071,-0.035,-0.008,-0.032,0.130,0.041,0.106,-0.186,-0.089,0.070,0.297,0.006,-0.022,0.005,0.024,0.072,0.027,-0.018,0.007,-0.003,-0.001,-0.002,-0.000,-0.007,0.007,-0.007,0.004,0.004,0.001,-0.001,-0.002,-0.003,-0.002,-0.000,-0.016,-0.019,0.029,0.002,-0.034,-0.038,-0.012,0.022,-0.008,-0.015,-0.006,0.002,-0.002,-0.021,-0.020,0.039,0.207,0.440,0.232,0.187,0.044,0.011,0.006,-0.075,0.015,-0.018,0.016,0.035,-0.031,0.009,0.010,0.035,0.105,0.190,0.001,0.121,0.079,0.097,0.024,0.004,0.014,0.020,-0.011,0.187,-0.005,-0.026,0.022,-0.002,-0.040,-0.028,0.025,-0.005,0.010,-0.005,0.005,-0.000,-0.000,-0.000,-0.000,-0.000,0.000,0.000,-0.000,-0.071,-0.036,0.015,0.004,-0.014,-0.007,-0.006,-0.041,-0.005,0.002,-0.004,0.009,0.025,0.239,0.064,0.133,-0.000,0.019,0.004,-0.037,-0.121,-0.142,-0.141,0.027,0.137,-0.001,0.093,0.043,0.224,0.119,0.019,-0.118,1.8,0.072
1,1.2000E+00,1.6000E+00,1.1829E+00,1.5412E+00,7.5182E-01,-0.011,0.089,-0.060,0.119,0.119,0.186,0.071,0.053,-0.137,-0.110,0.023,0.196,0.006,-0.022,0.003,0.019,0.062,0.022,-0.022,0.015,-0.010,0.004,-0.002,0.000,-0.009,0.012,-0.009,0.007,0.003,-0.002,-0.002,-0.003,-0.005,0.003,0.001,-0.019,-0.017,0.034,0.006,-0.034,-0.043,-0.010,0.025,-0.009,-0.018,-0.005,0.000,-0.004,-0.024,-0.024,0.024,-0.147,0.370,0.287,0.177,0.024,0.021,0.027,-0.085,-0.033,-0.021,0.063,0.076,-0.019,0.023,0.012,0.025,0.023,0.184,0.001,0.138,0.057,0.082,0.033,0.006,0.031,0.022,-0.010,0.185,-0.004,-0.023,0.004,0.006,-0.044,-0.033,0.029,-0.008,0.005,-0.004,0.003,-0.000,-0.000,0.000,-0.000,-0.000,0.000,0.000,-0.000,-0.076,-0.038,0.013,0.010,-0.008,-0.008,-0.005,-0.044,-0.015,0.008,-0.004,0.004,0.025,0.245,0.061,0.144,0.001,0.017,0.005,-0.043,-0.126,-0.167,-0.151,0.021,0.135,-0.003,0.108,0.045,0.247,0.125,0.007,-0.124,1.8,0.085
1,1.6000E+00,2.0000E+00,7.7046E-01,2.0308E+00,9.8595E-01,0.002,0.109,-0.073,-0.043,0.019,0.223,-0.047,-0.028,-0.126,-0.163,-0.009,0.108,0.003,-0.023,0.002,0.017,0.047,0.011,-0.026,0.028,-0.005,-0.009,0.010,0.002,-0.012,0.014,-0.010,0.012,0.002,-0.001,0.005,-0.008,-0.007,0.007,0.004,-0.037,-0.032,0.030,-0.013,-0.045,-0.036,-0.000,0.018,-0.007,-0.015,-0.003,0.020,-0.003,-0.016,-0.011,-0.204,0.526,0.244,0.323,0.258,0.028,-0.019,0.022,-0.077,-0.006,-0.040,0.065,0.111,-0.073,0.009,0.015,0.058,-0.169,0.151,0.002,0.152,0.049,0.074,0.107,0.004,0.053,0.026,-0.003,0.200,-0.010,-0.033,-0.034,-0.025,-0.049,-0.060,0.076,-0.019,0.022,-0.019,-0.009,0.000,-0.000,-0.000,-0.000,0.000,0.000,0.000,-0.000,-0.083,-0.036,0.019,0.036,-0.018,-0.002,0.002,-0.072,0.008,0.038,-0.004,0.005,0.029,0.229,0.045,0.147,0.008,0.019,0.021,-0.026,-0.123,-0.152,-0.130,0.028,0.133,-0.013,0.085,0.038,0.204,0.112,0.078,-0.014,1.8,0.123
1,2.0000E+00,2.4000E+00,3.2871E-01,3.1690E+00,1.3101E+00,0.002,0.110,-0.076,0.061,0.211,0.141,0.098,-0.278,-0.161,-0.094,-0.038,0.039,-0.000,-0.022,0.005,0.016,0.040,0.005,-0.025,0.022,-0.015,-0.006,0.016,0.004,-0.028,0.022,-0.014,0.014,-0.002,0.002,0.003,-0.002,-0.006,0.012,0.007,-0.025,-0.020,0.033,0.008,-0.031,-0.042,-0.003,0.023,-0.004,-0.018,-0.003,-0.005,-0.005,-0.023,-0.014,0.554,0.454,0.256,0.470,0.209,-0.005,-0.003,0.056,-0.008,-0.010,-0.078,0.063,0.123,-0.045,0.033,0.039,0.205,0.027,0.265,0.003,0.149,-0.028,0.154,0.032,-0.009,0.056,0.018,-0.008,0.165,0.002,-0.023,0.016,0.010,-0.069,-0.032,0.118,-0.045,0.075,-0.063,-0.020,0.000,-0.000,0.000,-0.000,-0.000,0.000,0.000,-0.000,-0.100,-0.035,0.018,0.016,-0.011,-0.009,-0.005,-0.078,-0.011,0.012,-0.005,0.001,0.026,0.211,0.026,0.120,-0.002,0.017,0.015,-0.040,-0.108,-0.136,-0.135,0.017,0.143,-0.019,0.097,0.039,0.226,0.114,0.010,-0.083,1.8,0.233
