ID,PTO,FNS,DAMP,IC,ModEv,XIR,XIF,NfFF,MaxNfAs,MaxNfPdf,Q0,alphas,Qref,QED,alphaqed,Qedref,SxRes,SxOrd,HQ,mc,Qmc,kcThr,mb,Qmb,kbThr,mt,Qmt,ktThr,CKM,MZ,MW,GF,SIN2TW,TMC,MP,Comments,global_nx,EScaleVar
1,0,ZM-VFNS,0,0,TRN,1.0,1.0,5,5,5,1.0,0.118,91.2,0,0.007496252,1.777,0,LL,POLE,1.275,1.275,1.0,4.18,4.18,1.0,173.07,173.07,1.0,"0.97428 0.22530 0.003470 0.22520 0.97345 0.041000 0.00862 0.04030 0.999152",91.1876,80.398,1.1663787e-05,0.23126,1,0.938,"3.0 LO benchmark",0,1
2,1,FONLL-B,1,0,TRN,1.0,1.0,5,5,5,1.0,0.118,91.2,0,0.007496252,1.777,0,LL,POLE,1.275,1.275,1.0,4.18,4.18,1.0,173.07,173.07,1.0,"0.97428 0.22530 0.003470 0.22520 0.97345 0.041000 0.00862 0.04030 0.999152",91.1876,80.398,1.1663787e-05,0.23126,1,0.938,"3.0 NLO benchmark",0,1
3,2,FONLL-C,1,0,TRN,1.0,1.0,5,5,5,1.0,0.118,91.2,0,0.007496252,1.777,0,LL,POLE,1.275,1.275,1.0,4.18,4.18,1.0,173.07,173.07,1.0,"0.97428 0.22530 0.003470 0.22520 0.97345 0.041000 0.00862 0.04030 0.999152",91.1876,80.398,1.1663787e-05,0.23126,1,0.938,"3.0 NNLO benchmark",0,1
4,1,FONLL-B,1,0,TRN,1.0,1.0,5,5,5,1.3,0.118,91.2,0,0.007496252,1.777,0,LL,POLE,1.275,1.275,1.0,4.18,4.18,1.0,173.07,173.07,1.0,"0.97428 0.22530 0.003470 0.22520 0.97345 0.041000 0.00862 0.04030 0.999152",91.1876,80.398,1.1663787e-05,0.23126,1,0.938,"3.0 NLO - Q0=1.3 For IC Test",0,1
5,2,FONLL-C,1,0,TRN,1.0,1.0,5,5,5,1.3,0.118,91.2,0,0.007496252,1.777,0,LL,POLE,1.275,1.275,1.0,4.18,4.18,1.0,173.07,173.07,1.0,"0.97428 0.22530 0.003470 0.22520 0.97345 0.041000 0.00862 0.04030 0.999152",91.1876,80.398,1.1663787e-05,0.23126,1,0.938,"3.0 NNLO - Q0=1.3 For IC Test",0,1
6,1,FONLL-B,1,0,TRN,1.0,1.0,5,5,5,1.0,0.118,91.2,0,0.007496252,1.777,0,LL,MSBAR,0.986,3.0,1.0,4.18,4.18,1.0,162.7,162.7,1.0,"0.97428 0.22530 0.003470 0.22520 0.97345 0.041000 0.00862 0.04030 0.999152",91.1876,80.398,1.1663787e-05,0.23126,1,0.938,"3.0 NLO - HXSWG MSBar Masses",0,1
7,2,FONLL-C,1,0,TRN,1.0,1.0,5,5,5,1.0,0.118,91.2,0,0.007496252,1.777,0,LL,MSBAR,0.986,3.0,1.0,4.18,4.18,1.0,162.7,162.7,1.0,"0.97428 0.22530 0.003470 0.22520 0.97345 0.041000 0.00862 0.04030 0.999152",91.1876,80.398,1.1663787e-05,0.23126,1,0.938,"3.0 NNLO - HXSWG MSBar Masses",0,1
8,1,FONLL-B,1,0,TRN,1.0,1.0,5,5,5,1.0,0.1165,91.2,0,0.007496252,1.777,0,LL,MSBAR,0.986,3.0,1.0,4.18,4.18,1.0,162.7,162.7,1.0,"0.97428 0.22530 0.003470 0.22520 0.97345 0.041000 0.00862 0.04030 0.999152",91.1876,80.398,1.1663787e-05,0.23126,1,0.938,"3.0 NLO MSBAR (-1sig alpha_S)",0,1
9,2,FONLL-C,1,0,TRN,1.0,1.0,5,5,5,1.0,0.1165,91.2,0,0.007496252,1.777,0,LL,MSBAR,0.986,3.0,1.0,4.18,4.18,1.0,162.7,162.7,1.0,"0.97428 0.22530 0.003470 0.22520 0.97345 0.041000 0.00862 0.04030 0.999152",91.1876,80.398,1.1663787e-05,0.23126,1,0.938,"3.0 NNLO MSBAR (-1sig alpha_S)",0,1
10,1,FONLL-B,1,0,TRN,1.0,1.0,5,5,5,1.0,0.1195,91.2,0,0.007496252,1.777,0,LL,MSBAR,0.986,3.0,1.0,4.18,4.18,1.0,162.7,162.7,1.0,"0.97428 0.22530 0.003470 0.22520 0.97345 0.041000 0.00862 0.04030 0.999152",91.1876,80.398,1.1663787e-05,0.23126,1,0.938,"3.0 NLO MSBAR (+1sig alpha_S)",0,1
11,2,FONLL-C,1,0,TRN,1.0,1.0,5,5,5,1.0,0.1195,91.2,0,0.007496252,1.777,0,LL,MSBAR,0.986,3.0,1.0,4.18,4.18,1.0,162.7,162.7,1.0,"0.97428 0.22530 0.003470 0.22520 0.97345 0.041000 0.00862 0.04030 0.999152",91.1876,80.398,1.1663787e-05,0.23126,1,0.938,"3.0 NNLO MSBAR (+1sig alpha_S)",0,1
12,1,FONLL-B,1,0,TRN,1.0,1.0,5,5,5,1.0,0.118,91.2,0,0.007496252,1.777,0,LL,MSBAR,0.934,3.0,1.0,4.18,4.18,1.0,162.7,162.7,1.0,"0.97428 0.22530 0.003470 0.22520 0.97345 0.041000 0.00862 0.04030 0.999152",91.1876,80.398,1.1663787e-05,0.23126,1,0.938,"3.0 NLO MSBAR (-2sig mb)",0,1
13,2,FONLL-C,1,0,TRN,1.0,1.0,5,5,5,1.0,0.118,91.2,0,0.007496252,1.777,0,LL,MSBAR,0.934,3.0,1.0,4.18,4.18,1.0,162.7,162.7,1.0,"0.97428 0.22530 0.003470 0.22520 0.97345 0.041000 0.00862 0.04030 0.999152",91.1876,80.398,1.1663787e-05,0.23126,1,0.938,"3.0 NNLO MSBAR (-2sig mb)",0,1
14,1,FONLL-B,1,0,TRN,1.0,1.0,5,5,5,1.0,0.118,91.2,0,0.007496252,1.777,0,LL,MSBAR,1.038,3.0,1.0,4.18,4.18,1.0,162.7,162.7,1.0,"0.97428 0.22530 0.003470 0.22520 0.97345 0.041000 0.00862 0.04030 0.999152",91.1876,80.398,1.1663787e-05,0.23126,1,0.938,"3.0 NLO MSBAR (+2sig mb)",0,1
15,2,FONLL-C,1,0,TRN,1.0,1.0,5,5,5,1.0,0.118,91.2,0,0.007496252,1.777,0,LL,MSBAR,1.038,3.0,1.0,4.18,4.18,1.0,162.7,162.7,1.0,"0.97428 0.22530 0.003470 0.22520 0.97345 0.041000 0.00862 0.04030 0.999152",91.1876,80.398,1.1663787e-05,0.23126,1,0.938,"3.0 NNLO MSBAR (+2sig mb)",0,1
16,1,FONLL-B,1,0,TRN,1.0,1.0,5,5,5,1.0,0.118,91.2,0,0.007496252,1.777,0,LL,MSBAR,0.986,3.0,1.0,4.12,4.12,1.0,162.7,162.7,1.0,"0.97428 0.22530 0.003470 0.22520 0.97345 0.041000 0.00862 0.04030 0.999152",91.1876,80.398,1.1663787e-05,0.23126,1,0.938,"3.0 NLO MSBAR (-2sig mc)",0,1
17,2,FONLL-C,1,0,TRN,1.0,1.0,5,5,5,1.0,0.118,91.2,0,0.007496252,1.777,0,LL,MSBAR,0.986,3.0,1.0,4.12,4.12,1.0,162.7,162.7,1.0,"0.97428 0.22530 0.003470 0.22520 0.97345 0.041000 0.00862 0.04030 0.999152",91.1876,80.398,1.1663787e-05,0.23126,1,0.938,"3.0 NNLO MSBAR (-2sig mc)",0,1
18,1,FONLL-B,1,0,TRN,1.0,1.0,5,5,5,1.0,0.118,91.2,0,0.007496252,1.777,0,LL,MSBAR,0.986,3.0,1.0,4.24,4.24,1.0,162.7,162.7,1.0,"0.97428 0.22530 0.003470 0.22520 0.97345 0.041000 0.00862 0.04030 0.999152",91.1876,80.398,1.1663787e-05,0.23126,1,0.938,"3.0 NLO MSBAR (+2sig mc)",0,1
19,2,FONLL-C,1,0,TRN,1.0,1.0,5,5,5,1.0,0.118,91.2,0,0.007496252,1.777,0,LL,MSBAR,0.986,3.0,1.0,4.24,4.24,1.0,162.7,162.7,1.0,"0.97428 0.22530 0.003470 0.22520 0.97345 0.041000 0.00862 0.04030 0.999152",91.1876,80.398,1.1663787e-05,0.23126,1,0.938,"3.0 NNLO MSBAR (+2sig mc)",0,1
20,1,FONLL-B,1,0,TRN,1.0,1.0,5,5,5,1.0,0.118,91.2,0,0.007496252,1.777,0,LL,MSBAR,1.275,1.275,1.0,4.18,4.18,1.0,173.07,173.07,1.0,"0.97428 0.22530 0.003470 0.22520 0.97345 0.041000 0.00862 0.04030 0.999152",91.1876,80.398,1.1663787e-05,0.23126,1,0.938,"3.0 NLO - MSBar masses with Pole values",0,1
21,2,FONLL-C,1,0,TRN,1.0,1.0,5,5,5,1.0,0.118,91.2,0,0.007496252,1.777,0,LL,MSBAR,1.275,1.275,1.0,4.18,4.18,1.0,173.07,173.07,1.0,"0.97428 0.22530 0.003470 0.22520 0.97345 0.041000 0.00862 0.04030 0.999152",91.1876,80.398,1.1663787e-05,0.23126,1,0.938,"3.0 NNLO - MSBar masses with Pole values",0,1
22,0,ZM-VFNS,0,0,EXA,1.0,1.0,5,5,5,1.275,0.118,91.2,0,0.007496252,1.777,0,LL,POLE,1.275,1.275,1.0,4.18,4.18,1.0,173.07,173.07,1.0,"0.97428 0.22530 0.003470 0.22520 0.97345 0.041000 0.00862 0.04030 0.999152",91.1876,80.398,1.1663787e-05,0.23126,1,0.938,"LO baseline for small-x res",0,1
23,0,ZM-VFNS,0,0,EXA,1.0,1.0,5,5,5,1.275,0.118,91.2,0,0.007496252,1.777,1,LL,POLE,1.275,1.275,1.0,4.18,4.18,1.0,173.07,173.07,1.0,"0.97428 0.22530 0.003470 0.22520 0.97345 0.041000 0.00862 0.04030 0.999152",91.1876,80.398,1.1663787e-05,0.23126,1,0.938,"LO+LL for small-x res",0,1
24,1,FONLL-B,1,0,EXA,1.0,1.0,5,5,5,1.275,0.118,91.2,0,0.007496252,1.777,0,LL,POLE,1.275,1.275,1.0,4.18,4.18,1.0,173.07,173.07,1.0,"0.97428 0.22530 0.003470 0.22520 0.97345 0.041000 0.00862 0.04030 0.999152",91.1876,80.398,1.1663787e-05,0.23126,1,0.938,"NLO baseline for small-x res",0,1
25,1,FONLL-B,1,0,EXA,1.0,1.0,5,5,5,1.275,0.118,91.2,0,0.007496252,1.777,1,NLL,POLE,1.275,1.275,1.0,4.18,4.18,1.0,173.07,173.07,1.0,"0.97428 0.22530 0.003470 0.22520 0.97345 0.041000 0.00862 0.04030 0.999152",91.1876,80.398,1.1663787e-05,0.23126,1,0.938,"NLO+NLL for small-x res",0,1
26,1,FONLL-B,1,0,EXA,1.0,1.0,5,5,5,1.6,0.118,91.2,0,0.007496252,1.777,0,LL,POLE,1.6,1.6,1.0,4.18,4.18,1.0,173.07,173.07,1.0,"0.97428 0.22530 0.003470 0.22520 0.97345 0.041000 0.00862 0.04030 0.999152",91.1876,80.398,1.1663787e-05,0.23126,1,0.938,"NLO baseline for small-x, mc=1.6",0,1
27,1,FONLL-B,1,0,EXA,1.0,1.0,5,5,5,1.414,0.118,91.2,0,0.007496252,1.777,1,NLL,POLE,1.414,1.414,1.0,4.18,4.18,1.0,173.07,173.07,1.0,"0.97428 0.22530 0.003470 0.22520 0.97345 0.041000 0.00862 0.04030 0.999152",91.1876,80.398,1.1663787e-05,0.23126,1,0.938,"NLO+NLL for small-x, mc=1.414",0,1
28,1,FONLL-B,1,0,TRN,1.0,1.0,5,5,5,1.6,0.118,91.2,0,0.007496252,1.777,1,NLL,POLE,1.6,1.6,1.0,4.18,4.18,1.0,173.07,173.07,1.0,"0.97428 0.22530 0.003470 0.22520 0.97345 0.041000 0.00862 0.04030 0.999152",91.1876,80.398,1.1663787e-05,0.23126,1,0.938,"NLO+NLL for small-x, mc = 1.6",0,1
29,1,FONLL-B,1,0,EXA,1.0,1.0,5,5,5,1.6,0.118,91.2,0,0.007496252,1.777,1,NLL,POLE,1.6,1.6,1.0,4.18,4.18,1.0,173.07,173.07,1.0,"0.97428 0.22530 0.003470 0.22520 0.97345 0.041000 0.00862 0.04030 0.999152",91.1876,80.398,1.1663787e-05,0.23126,1,0.938,"NLO+NLL for small-x, mc = 1.6",0,1
30,1,FONLL-B,1,0,EXA,1.0,1.0,5,5,5,1.0,0.118,91.2,0,0.007496252,1.777,0,LL,POLE,1.6,1.6,1.0,4.18,4.18,1.0,173.07,173.07,1.0,"0.97428 0.22530 0.003470 0.22520 0.97345 0.041000 0.00862 0.04030 0.999152",91.1876,80.398,1.1663787e-05,0.23126,1,0.938,"NLO baseline for small-x, Q0=1, mc = 1.6",0,1
31,1,FONLL-B,1,0,EXA,1.0,1.0,5,5,5,1.43,0.118,91.2,0,0.007496252,1.777,0,LL,POLE,1.43,1.43,1.0,4.18,4.18,1.0,173.07,173.07,1.0,"0.97428 0.22530 0.003470 0.22520 0.97345 0.041000 0.00862 0.04030 0.999152",91.1876,80.398,1.1663787e-05,0.23126,1,0.938,"NLO+NLL for small-x, Q0=mc=1.43",0,1
32,1,FONLL-B,1,1,TRN,1.0,1.0,5,5,5,1.5,0.118,91.2,0,0.007496252,1.777,0,LL,POLE,1.275,1.275,1.0,4.18,4.18,1.0,173.07,173.07,1.0,"0.97428 0.22530 0.003470 0.22520 0.97345 0.041000 0.00862 0.04030 0.999152",91.1876,80.398,1.1663787e-05,0.23126,1,0.938,"Intrinsic Charm NLO - Pole masses",0,1
33,2,FONLL-C,1,1,TRN,1.0,1.0,5,5,5,1.5,0.118,91.2,0,0.007496252,1.777,0,LL,POLE,1.275,1.275,1.0,4.18,4.18,1.0,173.07,173.07,1.0,"0.97428 0.22530 0.003470 0.22520 0.97345 0.041000 0.00862 0.04030 0.999152",91.1876,80.398,1.1663787e-05,0.23126,1,0.938,"Intrinsic Charm NNLO - Pole masses",0,1
34,1,FONLL-B,1,1,TRN,1.0,1.0,5,5,5,1.276,0.118,91.2,0,0.007496252,1.777,0,LL,POLE,1.275,1.275,1.0,4.18,4.18,1.0,173.07,173.07,1.0,"0.97428 0.22530 0.003470 0.22520 0.97345 0.041000 0.00862 0.04030 0.999152",91.1876,80.398,1.1663787e-05,0.23126,1,0.938,"NLO IC Q0=mc+eps",0,1
35,1,FONLL-B,1,1,TRN,1.0,1.0,5,5,5,1.274,0.118,91.2,0,0.007496252,1.777,0,LL,POLE,1.275,1.275,1.0,4.18,4.18,1.0,173.07,173.07,1.0,"0.97428 0.22530 0.003470 0.22520 0.97345 0.041000 0.00862 0.04030 0.999152",91.1876,80.398,1.1663787e-05,0.23126,1,0.938,"NLO IC Q0=mc-eps (bline for 34)",0,1
36,1,FONLL-B,1,1,TRN,1.0,1.0,5,5,5,1.2403,0.118,91.2,0,0.007496252,1.777,0,LL,MSBAR,0.986,3.0,1.0,4.18,4.18,1.0,162.7,162.7,1.0,"0.97428 0.22530 0.003470 0.22520 0.97345 0.041000 0.00862 0.04030 0.999152",91.1876,80.398,1.1663787e-05,0.23126,1,0.938,"NLO IC MSbar Q0=mc(mc)+eps",0,1
37,1,FONLL-B,1,1,TRN,1.0,1.0,5,5,5,1.2401,0.118,91.2,0,0.007496252,1.777,0,LL,MSBAR,0.986,3.0,1.0,4.18,4.18,1.0,162.7,162.7,1.0,"0.97428 0.22530 0.003470 0.22520 0.97345 0.041000 0.00862 0.04030 0.999152",91.1876,80.398,1.1663787e-05,0.23126,1,0.938,"NLO IC MSbar Q0=mc(mc)-eps (bline for 36)",0,1
38,1,FONLL-B,1,1,TRN,1.0,1.0,5,5,5,1.11,0.118,91.2,0,0.007496252,1.777,0,LL,MSBAR,1.275,1.275,1.0,4.18,4.18,1.0,162.7,162.7,1.0,"0.97428 0.22530 0.003470 0.22520 0.97345 0.041000 0.00862 0.04030 0.999152",91.1876,80.398,1.1663787e-05,0.23126,1,0.938,"Final IC NLO - MSbar Central mc baseline",0,1
39,1,FONLL-B,1,1,TRN,1.0,1.0,5,5,5,1.11,0.118,91.2,0,0.007496252,1.777,0,LL,MSBAR,1.15,1.15,1.0,4.18,4.18,1.0,162.7,162.7,1.0,"0.97428 0.22530 0.003470 0.22520 0.97345 0.041000 0.00862 0.04030 0.999152",91.1876,80.398,1.1663787e-05,0.23126,1,0.938,"Final IC NLO - MSbar Lower mc baseline",0,1
40,1,FONLL-B,1,1,TRN,1.0,1.0,5,5,5,1.11,0.118,91.2,0,0.007496252,1.777,0,LL,MSBAR,1.4,1.4,1.0,4.18,4.18,1.0,162.7,162.7,1.0,"0.97428 0.22530 0.003470 0.22520 0.97345 0.041000 0.00862 0.04030 0.999152",91.1876,80.398,1.1663787e-05,0.23126,1,0.938,"Final IC NLO - MSbar Upper mc baseline",0,1
41,1,FONLL-B,1,1,TRN,1.0,1.0,5,5,5,1.65,0.118,91.2,0,0.007496252,1.777,0,LL,MSBAR,1.275,1.275,1.0,4.18,4.18,1.0,162.7,162.7,1.0,"0.97428 0.22530 0.003470 0.22520 0.97345 0.041000 0.00862 0.04030 0.999152",91.1876,80.398,1.1663787e-05,0.23126,1,0.938,"Final IC NLO - MSbar Central mc FC",0,1
42,1,FONLL-B,1,1,TRN,1.0,1.0,5,5,5,1.65,0.118,91.2,0,0.007496252,1.777,0,LL,MSBAR,1.15,1.15,1.0,4.18,4.18,1.0,162.7,162.7,1.0,"0.97428 0.22530 0.003470 0.22520 0.97345 0.041000 0.00862 0.04030 0.999152",91.1876,80.398,1.1663787e-05,0.23126,1,0.938,"Final IC NLO - MSbar Lower mc FC",0,1
43,1,FONLL-B,1,1,TRN,1.0,1.0,5,5,5,1.65,0.118,91.2,0,0.007496252,1.777,0,LL,MSBAR,1.4,1.4,1.0,4.18,4.18,1.0,162.7,162.7,1.0,"0.97428 0.22530 0.003470 0.22520 0.97345 0.041000 0.00862 0.04030 0.999152",91.1876,80.398,1.1663787e-05,0.23126,1,0.938,"Final IC NLO - MSbar Upper mc FC",0,1
44,1,FONLL-B,1,1,TRN,1.0,1.0,5,5,5,1.11,0.118,91.2,0,0.007496252,1.777,0,LL,POLE,1.47,1.47,1.0,4.18,4.18,1.0,173.07,173.07,1.0,"0.97428 0.22530 0.003470 0.22520 0.97345 0.041000 0.00862 0.04030 0.999152",91.1876,80.398,1.1663787e-05,0.23126,1,0.938,"Final IC NLO - POLE baseline",0,1
45,1,FONLL-B,1,1,TRN,1.0,1.0,5,5,5,1.65,0.118,91.2,0,0.007496252,1.777,0,LL,POLE,1.47,1.47,1.0,4.18,4.18,1.0,173.07,173.07,1.0,"0.97428 0.22530 0.003470 0.22520 0.97345 0.041000 0.00862 0.04030 0.999152",91.1876,80.398,1.1663787e-05,0.23126,1,0.938,"Final IC NLO - POLE FC",0,1
46,1,FONLL-B,0,0,TRN,1.0,1.0,5,5,5,1.65,0.118,91.2,0,0.007496252,1.777,0,LL,MSBAR,1.275,1.275,1.0,4.18,4.18,1.0,162.7,162.7,1.0,"0.97428 0.22530 0.003470 0.22520 0.97345 0.041000 0.00862 0.04030 0.999152",91.1876,80.398,1.1663787e-05,0.23126,1,0.938,"Final IC NLO - MSbar FC dIC off DAMP off",0,1
47,1,FONLL-B,1,0,TRN,1.0,1.0,5,5,5,1.65,0.118,91.2,0,0.007496252,1.777,0,LL,MSBAR,1.275,1.275,1.0,4.18,4.18,1.0,162.7,162.7,1.0,"0.97428 0.22530 0.003470 0.22520 0.97345 0.041000 0.00862 0.04030 0.999152",91.1876,80.398,1.1663787e-05,0.23126,1,0.938,"Final IC NLO - MSbar FC dIC off DAMP on",0,1
48,1,FONLL-B,1,1,TRN,1.0,1.0,5,5,5,1.11,0.118,91.2,0,0.007496252,1.777,0,LL,POLE,1.61,1.61,1.0,4.18,4.18,1.0,173.07,173.07,1.0,"0.97428 0.22530 0.003470 0.22520 0.97345 0.041000 0.00862 0.04030 0.999152",91.1876,80.398,1.1663787e-05,0.23126,1,0.938,"Final IC NLO - POLE baseline Upper mc",0,1
49,1,FONLL-B,1,1,TRN,1.0,1.0,5,5,5,1.11,0.118,91.2,0,0.007496252,1.777,0,LL,POLE,1.33,1.33,1.0,4.18,4.18,1.0,173.07,173.07,1.0,"0.97428 0.22530 0.003470 0.22520 0.97345 0.041000 0.00862 0.04030 0.999152",91.1876,80.398,1.1663787e-05,0.23126,1,0.938,"Final IC NLO - POLE baseline Lower mc",0,1
50,1,FONLL-B,1,1,TRN,1.0,1.0,5,5,5,1.65,0.118,91.2,0,0.007496252,1.777,0,LL,POLE,1.61,1.61,1.0,4.18,4.18,1.0,173.07,173.07,1.0,"0.97428 0.22530 0.003470 0.22520 0.97345 0.041000 0.00862 0.04030 0.999152",91.1876,80.398,1.1663787e-05,0.23126,1,0.938,"Final IC NLO - POLE FC Upper mc",0,1
51,1,FONLL-B,1,1,TRN,1.0,1.0,5,5,5,1.65,0.118,91.2,0,0.007496252,1.777,0,LL,POLE,1.33,1.33,1.0,4.18,4.18,1.0,173.07,173.07,1.0,"0.97428 0.22530 0.003470 0.22520 0.97345 0.041000 0.00862 0.04030 0.999152",91.1876,80.398,1.1663787e-05,0.23126,1,0.938,"Final IC NLO - POLE FC Lower mc",0,1
52,1,FONLL-B,0,1,TRN,1.0,1.0,5,5,5,1.65,0.118,91.2,0,0.007496252,1.777,0,LL,POLE,1.51,1.51,1.0,4.92,4.92,1.0,172.5,172.5,1.0,"0.97428 0.22530 0.003470 0.22520 0.97345 0.041000 0.00862 0.04030 0.999152",91.1876,80.398,1.1663787e-05,0.23126,1,0.938,"NNPDF3.1 NLO central",0,1
53,2,FONLL-C,0,1,TRN,1.0,1.0,5,5,5,1.65,0.118,91.2,0,0.007496252,1.777,0,LL,POLE,1.51,1.51,1.0,4.92,4.92,1.0,172.5,172.5,1.0,"0.97428 0.22530 0.003470 0.22520 0.97345 0.041000 0.00862 0.04030 0.999152",91.1876,80.398,1.1663787e-05,0.23126,1,0.938,"NNPDF3.1 NNLO central",0,1
54,2,FONLL-C,1,0,TRN,1.0,1.0,5,5,5,1.65,0.118,91.2,0,0.007496252,1.777,0,LL,POLE,1.51,1.51,1.0,4.92,4.92,1.0,172.5,172.5,1.0,"0.97428 0.22530 0.003470 0.22520 0.97345 0.041000 0.00862 0.04030 0.999152",91.1876,80.398,1.1663787e-05,0.23126,1,0.938,"NNPDF3.1 NNLO FC central - dIC off, damping on",0,1
55,2,FONLL-C,0,0,TRN,1.0,1.0,5,5,5,1.65,0.118,91.2,0,0.007496252,1.777,0,LL,POLE,1.51,1.51,1.0,4.92,4.92,1.0,172.5,172.5,1.0,"0.97428 0.22530 0.003470 0.22520 0.97345 0.041000 0.00862 0.04030 0.999152",91.1876,80.398,1.1663787e-05,0.23126,1,0.938,"NNPDF3.1 NNLO FC central - dIC and damping off",0,1
56,1,FONLL-B,1,0,TRN,1.0,1.0,5,5,5,1.414,0.118,91.2,1,0.007496252,1.777,0,LL,POLE,1.275,1.275,1.0,4.18,4.18,1.0,173.07,173.07,1.0,"0.97428 0.22530 0.003470 0.22520 0.97345 0.041000 0.00862 0.04030 0.999152",91.1876,80.398,1.1663787e-05,0.23126,1,0.938,"3.0QED NLO setup",0,1
57,2,FONLL-C,1,0,TRN,1.0,1.0,5,5,5,1.414,0.118,91.2,1,0.007496252,1.777,0,LL,POLE,1.275,1.275,1.0,4.18,4.18,1.0,173.07,173.07,1.0,"0.97428 0.22530 0.003470 0.22520 0.97345 0.041000 0.00862 0.04030 0.999152",91.1876,80.398,1.1663787e-05,0.23126,1,0.938,"3.0QED NNLO setup",0,1
58,1,FONLL-B,1,0,EXA,1.0,1.0,5,5,5,1.85,0.118,91.2,0,0.007496252,1.777,1,NLL,POLE,1.47,1.47,1.329,4.58,4.58,1.0,173.07,173.07,1.0,"0.97428 0.22530 0.003470 0.22520 0.97345 0.041000 0.00862 0.04030 0.999152",91.1876,80.398,1.1663787e-05,0.23126,1,0.938,"small-x NLO+NLL, damping, mc=1.47, muc=1.86, Q0=1.85",0,1
59,1,FONLL-B,1,0,EXA,1.0,1.0,5,5,5,1.85,0.118,91.2,0,0.007496252,1.777,0,LL,POLE,1.47,1.47,1.329,4.58,4.58,1.0,173.07,173.07,1.0,"0.97428 0.22530 0.003470 0.22520 0.97345 0.041000 0.00862 0.04030 0.999152",91.1876,80.398,1.1663787e-05,0.23126,1,0.938,"baseline for 58",0,1
60,1,FONLL-B,0,0,EXA,1.0,1.0,5,5,5,1.509,0.118,91.2,0,0.007496252,1.777,0,LL,POLE,1.601,1.601,1.0,4.58,4.58,1.0,173.07,173.07,1.0,"0.97428 0.22530 0.003470 0.22520 0.97345 0.041000 0.00862 0.04030 0.999152",91.1876,80.398,1.1663787e-05,0.23126,1,0.938,"same as 58, but Q0=muc=mc=1.6",0,1
61,1,FONLL-B,0,0,EXA,1.0,1.0,5,5,5,1.509,0.118,91.2,0,0.007496252,1.777,1,NLL,POLE,1.601,1.601,1.0,4.58,4.58,1.0,173.07,173.07,1.0,"0.97428 0.22530 0.003470 0.22520 0.97345 0.041000 0.00862 0.04030 0.999152",91.1876,80.398,1.1663787e-05,0.23126,1,0.938,"same as 58, but Q0=muc=mc=1.6",0,1
62,1,FONLL-B,0,0,EXA,1.0,1.0,5,5,5,1.599,0.118,91.2,0,0.007496252,1.777,1,NLL,POLE,1.6,1.6,1.0,4.58,4.58,1.0,173.07,173.07,1.0,"0.97428 0.22530 0.003470 0.22520 0.97345 0.041000 0.00862 0.04030 0.999152",91.1876,80.398,1.1663787e-05,0.23126,1,0.938,"same as 58, with Q0=muc=mc=1.6",0,1
63,1,FONLL-B,0,0,EXA,1.0,1.0,5,5,5,1.599,0.118,91.2,0,0.007496252,1.777,0,LL,POLE,1.6,1.6,1.0,4.58,4.58,1.0,173.07,173.07,1.0,"0.97428 0.22530 0.003470 0.22520 0.97345 0.041000 0.00862 0.04030 0.999152",91.1876,80.398,1.1663787e-05,0.23126,1,0.938,"same as 59, with Q0=muc=mc=1.6",0,1
64,1,FONLL-B,1,0,TRN,1.0,1.0,5,5,5,1.0,0.118,91.2,0,0.007496252,1.777,0,LL,POLE,1.51,1.51,1.0,4.92,4.92,1.0,172.5,172.5,1.0,"0.97428 0.22530 0.003470 0.22520 0.97345 0.041000 0.00862 0.04030 0.999152",91.1876,80.398,1.1663787e-05,0.23126,1,0.938,"NNPDF3.1 NLO baseline",0,1
65,2,FONLL-C,1,0,TRN,1.0,1.0,5,5,5,1.0,0.118,91.2,0,0.007496252,1.777,0,LL,POLE,1.51,1.51,1.0,4.92,4.92,1.0,172.5,172.5,1.0,"0.97428 0.22530 0.003470 0.22520 0.97345 0.041000 0.00862 0.04030 0.999152",91.1876,80.398,1.1663787e-05,0.23126,1,0.938,"NNPDF3.1 NNLO baseline",0,1
66,1,FONLL-B,0,1,TRN,0.5,0.5,5,5,5,1.65,0.118,91.2,0,0.007496252,1.777,0,LL,POLE,1.51,1.51,1.0,4.92,4.92,1.0,172.5,172.5,1.0,"0.97428 0.22530 0.003470 0.22520 0.97345 0.041000 0.00862 0.04030 0.999152",91.1876,80.398,1.1663787e-05,0.23126,1,0.938,"NNPDF3.1 NLO FC xiF=xiR=0.5",0,1
67,1,FONLL-B,0,1,TRN,2.0,2.0,5,5,5,1.65,0.118,91.2,0,0.007496252,1.777,0,LL,POLE,1.51,1.51,1.0,4.92,4.92,1.0,172.5,172.5,1.0,"0.97428 0.22530 0.003470 0.22520 0.97345 0.041000 0.00862 0.04030 0.999152",91.1876,80.398,1.1663787e-05,0.23126,1,0.938,"NNPDF3.1 NLO FC xiF=xiR=2.0",0,1
68,2,FONLL-C,1,0,TRN,1.0,1.0,5,5,5,1.0,0.118,91.2,1,0.00729735256981631,0.000510998946,0,LL,POLE,1.275,1.275,1.0,4.18,4.18,1.0,173.07,173.07,1.0,"0.97428 0.22530 0.003470 0.22520 0.97345 0.041000 0.00862 0.04030 0.999152",91.1876,80.398,1.1663787e-05,0.23126,1,0.938,"3.0 NNLO with QED",0,1
69,1,FONLL-B,0,0,TRN,1.0,1.0,5,5,5,1.65,0.118,91.2,0,0.007496252,1.777,0,LL,POLE,1.51,1.51,1.0,4.92,4.92,1.0,172.5,172.5,1.0,"0.97428 0.22530 0.003470 0.22520 0.97345 0.041000 0.00862 0.04030 0.999152",91.1876,80.398,1.1663787e-05,0.23126,1,0.938,"NNPDF3.1 NLO FC dIC=0",0,1
70,2,FONLL-C,0,0,TRN,1.0,1.0,5,5,5,1.65,0.118,91.2,0,0.007496252,1.777,0,LL,POLE,1.51,1.51,1.0,4.92,4.92,1.0,172.5,172.5,1.0,"0.97428 0.22530 0.003470 0.22520 0.97345 0.041000 0.00862 0.04030 0.999152",91.1876,80.398,1.1663787e-05,0.23126,1,0.938,"NNPDF3.1 NNLO FC dIC=0",0,1
71,0,ZM-VFNS,0,1,TRN,1.0,1.0,5,5,5,1.65,0.118,91.2,0,0.007496252,1.777,0,LL,POLE,1.51,1.51,1.0,4.92,4.92,1.0,172.5,172.5,1.0,"0.97428 0.22530 0.003470 0.22520 0.97345 0.041000 0.00862 0.04030 0.999152",91.1876,80.398,1.1663787e-05,0.23126,1,0.938,"NNPDF3.1 LO FC",0,1
72,0,ZM-VFNS,1,0,TRN,1.0,1.0,5,5,5,1.0,0.118,91.2,0,0.007496252,1.777,0,LL,POLE,1.51,1.51,1.0,4.92,4.92,1.0,172.5,172.5,1.0,"0.97428 0.22530 0.003470 0.22520 0.97345 0.041000 0.00862 0.04030 0.999152",91.1876,80.398,1.1663787e-05,0.23126,1,0.938,"NNPDF3.1 LO PC",0,1
73,1,FONLL-B,0,1,TRN,1.0,1.0,5,5,5,1.65,0.116,91.2,0,0.007496252,1.777,0,LL,POLE,1.51,1.51,1.0,4.92,4.92,1.0,172.5,172.5,1.0,"0.97428 0.22530 0.003470 0.22520 0.97345 0.041000 0.00862 0.04030 0.999152",91.1876,80.398,1.1663787e-05,0.23126,1,0.938,"NNPDF3.1 NLO FC alphaS 116",0,1
74,1,FONLL-B,0,1,TRN,1.0,1.0,5,5,5,1.65,0.117,91.2,0,0.007496252,1.777,0,LL,POLE,1.51,1.51,1.0,4.92,4.92,1.0,172.5,172.5,1.0,"0.97428 0.22530 0.003470 0.22520 0.97345 0.041000 0.00862 0.04030 0.999152",91.1876,80.398,1.1663787e-05,0.23126,1,0.938,"NNPDF3.1 NLO FC alphaS 117",0,1
75,1,FONLL-B,0,1,TRN,1.0,1.0,5,5,5,1.65,0.119,91.2,0,0.007496252,1.777,0,LL,POLE,1.51,1.51,1.0,4.92,4.92,1.0,172.5,172.5,1.0,"0.97428 0.22530 0.003470 0.22520 0.97345 0.041000 0.00862 0.04030 0.999152",91.1876,80.398,1.1663787e-05,0.23126,1,0.938,"NNPDF3.1 NLO FC alphaS 119",0,1
76,1,FONLL-B,0,1,TRN,1.0,1.0,5,5,5,1.65,0.12,91.2,0,0.007496252,1.777,0,LL,POLE,1.51,1.51,1.0,4.92,4.92,1.0,172.5,172.5,1.0,"0.97428 0.22530 0.003470 0.22520 0.97345 0.041000 0.00862 0.04030 0.999152",91.1876,80.398,1.1663787e-05,0.23126,1,0.938,"NNPDF3.1 NLO FC alphaS 120",0,1
77,1,FONLL-B,1,0,TRN,1.0,1.0,5,5,5,1.0,0.116,91.2,0,0.007496252,1.777,0,LL,POLE,1.51,1.51,1.0,4.92,4.92,1.0,172.5,172.5,1.0,"0.97428 0.22530 0.003470 0.22520 0.97345 0.041000 0.00862 0.04030 0.999152",91.1876,80.398,1.1663787e-05,0.23126,1,0.938,"NNPDF3.1 NLO PC alphaS 116",0,1
78,1,FONLL-B,1,0,TRN,1.0,1.0,5,5,5,1.0,0.117,91.2,0,0.007496252,1.777,0,LL,POLE,1.51,1.51,1.0,4.92,4.92,1.0,172.5,172.5,1.0,"0.97428 0.22530 0.003470 0.22520 0.97345 0.041000 0.00862 0.04030 0.999152",91.1876,80.398,1.1663787e-05,0.23126,1,0.938,"NNPDF3.1 NLO PC alphaS 117",0,1
79,1,FONLL-B,1,0,TRN,1.0,1.0,5,5,5,1.0,0.119,91.2,0,0.007496252,1.777,0,LL,POLE,1.51,1.51,1.0,4.92,4.92,1.0,172.5,172.5,1.0,"0.97428 0.22530 0.003470 0.22520 0.97345 0.041000 0.00862 0.04030 0.999152",91.1876,80.398,1.1663787e-05,0.23126,1,0.938,"NNPDF3.1 NLO PC alphaS 119",0,1
80,1,FONLL-B,1,0,TRN,1.0,1.0,5,5,5,1.0,0.12,91.2,0,0.007496252,1.777,0,LL,POLE,1.51,1.51,1.0,4.92,4.92,1.0,172.5,172.5,1.0,"0.97428 0.22530 0.003470 0.22520 0.97345 0.041000 0.00862 0.04030 0.999152",91.1876,80.398,1.1663787e-05,0.23126,1,0.938,"NNPDF3.1 NLO PC alphaS 120",0,1
81,2,FONLL-C,0,1,TRN,1.0,1.0,5,5,5,1.65,0.116,91.2,0,0.007496252,1.777,0,LL,POLE,1.51,1.51,1.0,4.92,4.92,1.0,172.5,172.5,1.0,"0.97428 0.22530 0.003470 0.22520 0.97345 0.041000 0.00862 0.04030 0.999152",91.1876,80.398,1.1663787e-05,0.23126,1,0.938,"NNPDF3.1 NNLO FC alphaS 116",0,1
82,2,FONLL-C,0,1,TRN,1.0,1.0,5,5,5,1.65,0.117,91.2,0,0.007496252,1.777,0,LL,POLE,1.51,1.51,1.0,4.92,4.92,1.0,172.5,172.5,1.0,"0.97428 0.22530 0.003470 0.22520 0.97345 0.041000 0.00862 0.04030 0.999152",91.1876,80.398,1.1663787e-05,0.23126,1,0.938,"NNPDF3.1 NNLO FC alphaS 117",0,1
83,2,FONLL-C,0,1,TRN,1.0,1.0,5,5,5,1.65,0.119,91.2,0,0.007496252,1.777,0,LL,POLE,1.51,1.51,1.0,4.92,4.92,1.0,172.5,172.5,1.0,"0.97428 0.22530 0.003470 0.22520 0.97345 0.041000 0.00862 0.04030 0.999152",91.1876,80.398,1.1663787e-05,0.23126,1,0.938,"NNPDF3.1 NNLO FC alphaS 119",0,1
84,2,FONLL-C,0,1,TRN,1.0,1.0,5,5,5,1.65,0.12,91.2,0,0.007496252,1.777,0,LL,POLE,1.51,1.51,1.0,4.92,4.92,1.0,172.5,172.5,1.0,"0.97428 0.22530 0.003470 0.22520 0.97345 0.041000 0.00862 0.04030 0.999152",91.1876,80.398,1.1663787e-05,0.23126,1,0.938,"NNPDF3.1 NNLO FC alphaS 120",0,1
85,2,FONLL-C,1,0,TRN,1.0,1.0,5,5,5,1.0,0.116,91.2,0,0.007496252,1.777,0,LL,POLE,1.51,1.51,1.0,4.92,4.92,1.0,172.5,172.5,1.0,"0.97428 0.22530 0.003470 0.22520 0.97345 0.041000 0.00862 0.04030 0.999152",91.1876,80.398,1.1663787e-05,0.23126,1,0.938,"NNPDF3.1 NNLO PC alphaS 116",0,1
86,2,FONLL-C,1,0,TRN,1.0,1.0,5,5,5,1.0,0.117,91.2,0,0.007496252,1.777,0,LL,POLE,1.51,1.51,1.0,4.92,4.92,1.0,172.5,172.5,1.0,"0.97428 0.22530 0.003470 0.22520 0.97345 0.041000 0.00862 0.04030 0.999152",91.1876,80.398,1.1663787e-05,0.23126,1,0.938,"NNPDF3.1 NNLO PC alphaS 117",0,1
87,2,FONLL-C,1,0,TRN,1.0,1.0,5,5,5,1.0,0.119,91.2,0,0.007496252,1.777,0,LL,POLE,1.51,1.51,1.0,4.92,4.92,1.0,172.5,172.5,1.0,"0.97428 0.22530 0.003470 0.22520 0.97345 0.041000 0.00862 0.04030 0.999152",91.1876,80.398,1.1663787e-05,0.23126,1,0.938,"NNPDF3.1 NNLO PC alphaS 119",0,1
88,2,FONLL-C,1,0,TRN,1.0,1.0,5,5,5,1.0,0.12,91.2,0,0.007496252,1.777,0,LL,POLE,1.51,1.51,1.0,4.92,4.92,1.0,172.5,172.5,1.0,"0.97428 0.22530 0.003470 0.22520 0.97345 0.041000 0.00862 0.04030 0.999152",91.1876,80.398,1.1663787e-05,0.23126,1,0.938,"NNPDF3.1 NNLO PC alphaS 120",0,1
89,1,FONLL-B,1,0,EXA,1.0,1.0,5,5,5,1.86,0.118,91.2,0,0.007496252,1.777,0,LL,POLE,1.51,1.51,1.238,4.92,4.92,1.0,172.5,172.5,1.0,"0.97428 0.22530 0.003470 0.22520 0.97345 0.041000 0.00862 0.04030 0.999152",91.1876,80.398,1.1663787e-05,0.23126,1,0.938,"NLO baseline for small-x, PC, damp ON",0,1
90,1,FONLL-B,1,0,EXA,1.0,1.0,5,5,5,1.86,0.118,91.2,0,0.007496252,1.777,1,NLL,POLE,1.51,1.51,1.238,4.92,4.92,1.0,172.5,172.5,1.0,"0.97428 0.22530 0.003470 0.22520 0.97345 0.041000 0.00862 0.04030 0.999152",91.1876,80.398,1.1663787e-05,0.23126,1,0.938,"NLO+NLL small-x, PC, damp ON",0,1
91,2,FONLL-C,1,0,EXA,1.0,1.0,5,5,5,1.86,0.118,91.2,0,0.007496252,1.777,0,LL,POLE,1.51,1.51,1.238,4.92,4.92,1.0,172.5,172.5,1.0,"0.97428 0.22530 0.003470 0.22520 0.97345 0.041000 0.00862 0.04030 0.999152",91.1876,80.398,1.1663787e-05,0.23126,1,0.938,"NNLO baseline for small-x, PC, damp ON",0,1
92,2,FONLL-C,1,0,EXA,1.0,1.0,5,5,5,1.86,0.118,91.2,0,0.007496252,1.777,1,NLL,POLE,1.51,1.51,1.238,4.92,4.92,1.0,172.5,172.5,1.0,"0.97428 0.22530 0.003470 0.22520 0.97345 0.041000 0.00862 0.04030 0.999152",91.1876,80.398,1.1663787e-05,0.23126,1,0.938,"NNLO+NLL small-x, PC, damp ON	",0,1
93,0,ZM-VFNS,0,1,TRN,1.0,1.0,5,5,5,1.65,0.13,91.2,0,0.007496252,1.777,0,LL,POLE,1.51,1.51,1.0,4.92,4.92,1.0,172.5,172.5,1.0,"0.97428 0.22530 0.003470 0.22520 0.97345 0.041000 0.00862 0.04030 0.999152",91.1876,80.398,1.1663787e-05,0.23126,1,0.938,"NNPDF3.1 LO FC alphas 0.130",0,1
94,0,ZM-VFNS,1,0,TRN,1.0,1.0,5,5,5,1.0,0.13,91.2,0,0.007496252,1.777,0,LL,POLE,1.51,1.51,1.0,4.92,4.92,1.0,172.5,172.5,1.0,"0.97428 0.22530 0.003470 0.22520 0.97345 0.041000 0.00862 0.04030 0.999152",91.1876,80.398,1.1663787e-05,0.23126,1,0.938,"NNPDF3.1 LO PC alphas 0.130",0,1
95,1,FONLL-B,1,0,EXA,1.0,1.0,5,5,5,1.86,0.118,91.2,0,0.007496252,1.777,0,LL,POLE,1.51,1.51,1.0,4.92,4.92,1.0,172.5,172.5,1.0,"0.97428 0.22530 0.003470 0.22520 0.97345 0.041000 0.00862 0.04030 0.999152",91.1876,80.398,1.1663787e-05,0.23126,1,0.938,"NLO baseline for small-x, FC, damp ON",0,1
96,1,FONLL-B,1,0,EXA,1.0,1.0,5,5,5,1.86,0.118,91.2,0,0.007496252,1.777,1,NLL,POLE,1.51,1.51,1.0,4.92,4.92,1.0,172.5,172.5,1.0,"0.97428 0.22530 0.003470 0.22520 0.97345 0.041000 0.00862 0.04030 0.999152",91.1876,80.398,1.1663787e-05,0.23126,1,0.938,"NLO+NLL small-x, FC, damp ON",0,1
97,2,FONLL-C,1,0,EXA,1.0,1.0,5,5,5,1.86,0.118,91.2,0,0.007496252,1.777,0,LL,POLE,1.51,1.51,1.0,4.92,4.92,1.0,172.5,172.5,1.0,"0.97428 0.22530 0.003470 0.22520 0.97345 0.041000 0.00862 0.04030 0.999152",91.1876,80.398,1.1663787e-05,0.23126,1,0.938,"NNLO baseline for small-x, FC, damp ON",0,1
98,2,FONLL-C,1,0,EXA,1.0,1.0,5,5,5,1.86,0.118,91.2,0,0.007496252,1.777,1,NLL,POLE,1.51,1.51,1.0,4.92,4.92,1.0,172.5,172.5,1.0,"0.97428 0.22530 0.003470 0.22520 0.97345 0.041000 0.00862 0.04030 0.999152",91.1876,80.398,1.1663787e-05,0.23126,1,0.938,"NNLO+NLL small-x, FC, damp ON",0,1
99,2,FONLL-C,0,1,TRN,1.0,1.0,5,5,5,1.65,0.118,91.2,0,0.007496252,1.777,0,LL,POLE,1.38,1.38,1.0,4.92,4.92,1.0,172.5,172.5,1.0,"0.97428 0.22530 0.003470 0.22520 0.97345 0.041000 0.00862 0.04030 0.999152",91.1876,80.398,1.1663787e-05,0.23126,1,0.938,"NNPDF3.1 NNLO FC mc=1.38",0,1
100,2,FONLL-C,0,1,TRN,1.0,1.0,5,5,5,1.65,0.118,91.2,0,0.007496252,1.777,0,LL,POLE,1.64,1.64,1.0,4.92,4.92,1.0,172.5,172.5,1.0,"0.97428 0.22530 0.003470 0.22520 0.97345 0.041000 0.00862 0.04030 0.999152",91.1876,80.398,1.1663787e-05,0.23126,1,0.938,"NNPDF3.1 NNLO FC mc=1.64",0,1
101,2,FONLL-C,1,0,TRN,1.0,1.0,5,5,5,1.0,0.118,91.2,0,0.007496252,1.777,0,LL,POLE,1.38,1.38,1.0,4.92,4.92,1.0,172.5,172.5,1.0,"0.97428 0.22530 0.003470 0.22520 0.97345 0.041000 0.00862 0.04030 0.999152",91.1876,80.398,1.1663787e-05,0.23126,1,0.938,"NNPDF3.1 NNLO PC mc=1.38",0,1
102,2,FONLL-C,1,0,TRN,1.0,1.0,5,5,5,1.0,0.118,91.2,0,0.007496252,1.777,0,LL,POLE,1.64,1.64,1.0,4.92,4.92,1.0,172.5,172.5,1.0,"0.97428 0.22530 0.003470 0.22520 0.97345 0.041000 0.00862 0.04030 0.999152",91.1876,80.398,1.1663787e-05,0.23126,1,0.938,"NNPDF3.1 NNLO PC mc=1.64",0,1
103,1,FONLL-B,0,1,TRN,1.0,1.0,5,5,5,1.65,0.112,91.2,0,0.007496252,1.777,0,LL,POLE,1.51,1.51,1.0,4.92,4.92,1.0,172.5,172.5,1.0,"0.97428 0.22530 0.003470 0.22520 0.97345 0.041000 0.00862 0.04030 0.999152",91.1876,80.398,1.1663787e-05,0.23126,1,0.938,"NNPDF3.1 NLO FC alphaS 112",0,1
104,1,FONLL-B,0,1,TRN,1.0,1.0,5,5,5,1.65,0.114,91.2,0,0.007496252,1.777,0,LL,POLE,1.51,1.51,1.0,4.92,4.92,1.0,172.5,172.5,1.0,"0.97428 0.22530 0.003470 0.22520 0.97345 0.041000 0.00862 0.04030 0.999152",91.1876,80.398,1.1663787e-05,0.23126,1,0.938,"NNPDF3.1 NLO FC alphaS 114",0,1
105,1,FONLL-B,0,1,TRN,1.0,1.0,5,5,5,1.65,0.122,91.2,0,0.007496252,1.777,0,LL,POLE,1.51,1.51,1.0,4.92,4.92,1.0,172.5,172.5,1.0,"0.97428 0.22530 0.003470 0.22520 0.97345 0.041000 0.00862 0.04030 0.999152",91.1876,80.398,1.1663787e-05,0.23126,1,0.938,"NNPDF3.1 NLO FC alphaS 122",0,1
106,1,FONLL-B,0,1,TRN,1.0,1.0,5,5,5,1.65,0.124,91.2,0,0.007496252,1.777,0,LL,POLE,1.51,1.51,1.0,4.92,4.92,1.0,172.5,172.5,1.0,"0.97428 0.22530 0.003470 0.22520 0.97345 0.041000 0.00862 0.04030 0.999152",91.1876,80.398,1.1663787e-05,0.23126,1,0.938,"NNPDF3.1 NLO FC alphaS 124",0,1
107,2,FONLL-C,0,1,TRN,1.0,1.0,5,5,5,1.65,0.112,91.2,0,0.007496252,1.777,0,LL,POLE,1.51,1.51,1.0,4.92,4.92,1.0,172.5,172.5,1.0,"0.97428 0.22530 0.003470 0.22520 0.97345 0.041000 0.00862 0.04030 0.999152",91.1876,80.398,1.1663787e-05,0.23126,1,0.938,"NNPDF3.1 NNLO FC alphaS 112",0,1
108,2,FONLL-C,0,1,TRN,1.0,1.0,5,5,5,1.65,0.114,91.2,0,0.007496252,1.777,0,LL,POLE,1.51,1.51,1.0,4.92,4.92,1.0,172.5,172.5,1.0,"0.97428 0.22530 0.003470 0.22520 0.97345 0.041000 0.00862 0.04030 0.999152",91.1876,80.398,1.1663787e-05,0.23126,1,0.938,"NNPDF3.1 NNLO FC alphaS 114",0,1
109,2,FONLL-C,0,1,TRN,1.0,1.0,5,5,5,1.65,0.122,91.2,0,0.007496252,1.777,0,LL,POLE,1.51,1.51,1.0,4.92,4.92,1.0,172.5,172.5,1.0,"0.97428 0.22530 0.003470 0.22520 0.97345 0.041000 0.00862 0.04030 0.999152",91.1876,80.398,1.1663787e-05,0.23126,1,0.938,"NNPDF3.1 NNLO FC alphaS 122",0,1
110,2,FONLL-C,0,1,TRN,1.0,1.0,5,5,5,1.65,0.124,91.2,0,0.007496252,1.777,0,LL,POLE,1.51,1.51,1.0,4.92,4.92,1.0,172.5,172.5,1.0,"0.97428 0.22530 0.003470 0.22520 0.97345 0.041000 0.00862 0.04030 0.999152",91.1876,80.398,1.1663787e-05,0.23126,1,0.938,"NNPDF3.1 NNLO FC alphaS 124",0,1
111,2,FONLL-C,0,1,TRN,1.0,1.0,5,5,5,1.65,0.113,91.2,0,0.007496252,1.777,0,LL,POLE,1.51,1.51,1.0,4.92,4.92,1.0,172.5,172.5,1.0,"0.97428 0.22530 0.003470 0.22520 0.97345 0.041000 0.00862 0.04030 0.999152",91.1876,80.398,1.1663787e-05,0.23126,1,0.938,"NNPDF3.1 NNLO FC alphaS 113",0,1
112,2,FONLL-C,0,1,TRN,1.0,1.0,5,5,5,1.65,0.115,91.2,0,0.007496252,1.777,0,LL,POLE,1.51,1.51,1.0,4.92,4.92,1.0,172.5,172.5,1.0,"0.97428 0.22530 0.003470 0.22520 0.97345 0.041000 0.00862 0.04030 0.999152",91.1876,80.398,1.1663787e-05,0.23126,1,0.938,"NNPDF3.1 NNLO FC alphaS 115",0,1
113,2,FONLL-C,0,1,TRN,1.0,1.0,5,5,5,1.65,0.121,91.2,0,0.007496252,1.777,0,LL,POLE,1.51,1.51,1.0,4.92,4.92,1.0,172.5,172.5,1.0,"0.97428 0.22530 0.003470 0.22520 0.97345 0.041000 0.00862 0.04030 0.999152",91.1876,80.398,1.1663787e-05,0.23126,1,0.938,"NNPDF3.1 NNLO FC alphaS 121",0,1
114,2,FONLL-C,0,1,TRN,1.0,1.0,5,5,5,1.65,0.123,91.2,0,0.007496252,1.777,0,LL,POLE,1.51,1.51,1.0,4.92,4.92,1.0,172.5,172.5,1.0,"0.97428 0.22530 0.003470 0.22520 0.97345 0.041000 0.00862 0.04030 0.999152",91.1876,80.398,1.1663787e-05,0.23126,1,0.938,"NNPDF3.1 NNLO FC alphaS 123",0,1
115,2,FONLL-C,0,1,TRN,1.0,1.0,5,5,5,1.65,0.106,91.2,0,0.007496252,1.777,0,LL,POLE,1.51,1.51,1.0,4.92,4.92,1.0,172.5,172.5,1.0,"0.97428 0.22530 0.003470 0.22520 0.97345 0.041000 0.00862 0.04030 0.999152",91.1876,80.398,1.1663787e-05,0.23126,1,0.938,"NNPDF3.1 NNLO FC alphaS 106",0,1
116,2,FONLL-C,0,1,TRN,1.0,1.0,5,5,5,1.65,0.108,91.2,0,0.007496252,1.777,0,LL,POLE,1.51,1.51,1.0,4.92,4.92,1.0,172.5,172.5,1.0,"0.97428 0.22530 0.003470 0.22520 0.97345 0.041000 0.00862 0.04030 0.999152",91.1876,80.398,1.1663787e-05,0.23126,1,0.938,"NNPDF3.1 NNLO FC alphaS 108",0,1
117,2,FONLL-C,0,1,TRN,1.0,1.0,5,5,5,1.65,0.11,91.2,0,0.007496252,1.777,0,LL,POLE,1.51,1.51,1.0,4.92,4.92,1.0,172.5,172.5,1.0,"0.97428 0.22530 0.003470 0.22520 0.97345 0.041000 0.00862 0.04030 0.999152",91.1876,80.398,1.1663787e-05,0.23126,1,0.938,"NNPDF3.1 NNLO FC alphaS 110",0,1
118,1,FONLL-B,1,0,TRN,1.0,1.0,3,3,3,1.0,0.339102432438701,1.50999,0,0.007496252,1.777,0,LL,POLE,1.51,1.51,1.0,4.92,4.92,1.0,172.5,172.5,1.0,"0.97428 0.22530 0.003470 0.22520 0.97345 0.041000 0.00862 0.04030 0.999152",91.1876,80.398,1.1663787e-05,0.23126,1,0.938,"NNPDF3.1 NLO PC nf=3",0,1
119,2,FONLL-C,1,0,TRN,1.0,1.0,3,3,3,1.0,0.345483403385062,1.50999,0,0.007496252,1.777,0,LL,POLE,1.51,1.51,1.0,4.92,4.92,1.0,172.5,172.5,1.0,"0.97428 0.22530 0.003470 0.22520 0.97345 0.041000 0.00862 0.04030 0.999152",91.1876,80.398,1.1663787e-05,0.23126,1,0.938,"NNPDF3.1 NNLO PC nf=3",0,1
120,1,FONLL-B,0,1,TRN,1.0,1.0,4,4,4,1.65,0.212658401205718,4.91999,0,0.007496252,1.777,0,LL,POLE,1.51,1.51,1.0,4.92,4.92,1.0,172.5,172.5,1.0,"0.97428 0.22530 0.003470 0.22520 0.97345 0.041000 0.00862 0.04030 0.999152",91.1876,80.398,1.1663787e-05,0.23126,1,0.938,"NNPDF3.1 NLO FC nf=4",0,1
121,2,FONLL-C,0,1,TRN,1.0,1.0,4,4,4,1.65,0.213490245341906,4.91999,0,0.007496252,1.777,0,LL,POLE,1.51,1.51,1.0,4.92,4.92,1.0,172.5,172.5,1.0,"0.97428 0.22530 0.003470 0.22520 0.97345 0.041000 0.00862 0.04030 0.999152",91.1876,80.398,1.1663787e-05,0.23126,1,0.938,"NNPDF3.1 NNLO FC nf=4",0,1
122,1,FONLL-B,1,0,TRN,1.0,1.0,4,4,4,1.0,0.212658401205718,4.91999,0,0.007496252,1.777,0,LL,POLE,1.51,1.51,1.0,4.92,4.92,1.0,172.5,172.5,1.0,"0.97428 0.22530 0.003470 0.22520 0.97345 0.041000 0.00862 0.04030 0.999152",91.1876,80.398,1.1663787e-05,0.23126,1,0.938,"NNPDF3.1 NLO PC nf=4",0,1
123,2,FONLL-C,1,0,TRN,1.0,1.0,4,4,4,1.0,0.213490245341906,4.91999,0,0.007496252,1.777,0,LL,POLE,1.51,1.51,1.0,4.92,4.92,1.0,172.5,172.5,1.0,"0.97428 0.22530 0.003470 0.22520 0.97345 0.041000 0.00862 0.04030 0.999152",91.1876,80.398,1.1663787e-05,0.23126,1,0.938,"NNPDF3.1 NNLO PC nf=4",0,1
124,1,FONLL-B,0,1,TRN,1.0,1.0,6,6,6,1.65,0.118,91.2,0,0.007496252,1.777,0,LL,POLE,1.51,1.51,1.0,4.92,4.92,1.0,172.5,172.5,1.0,"0.97428 0.22530 0.003470 0.22520 0.97345 0.041000 0.00862 0.04030 0.999152",91.1876,80.398,1.1663787e-05,0.23126,1,0.938,"NNPDF3.1 NLO FC nf=6",0,1
125,2,FONLL-C,0,1,TRN,1.0,1.0,6,6,6,1.65,0.118,91.2,0,0.007496252,1.777,0,LL,POLE,1.51,1.51,1.0,4.92,4.92,1.0,172.5,172.5,1.0,"0.97428 0.22530 0.003470 0.22520 0.97345 0.041000 0.00862 0.04030 0.999152",91.1876,80.398,1.1663787e-05,0.23126,1,0.938,"NNPDF3.1 NNLO FC nf=6",0,1
126,1,FONLL-B,1,0,TRN,1.0,1.0,6,6,6,1.0,0.118,91.2,0,0.007496252,1.777,0,LL,POLE,1.51,1.51,1.0,4.92,4.92,1.0,172.5,172.5,1.0,"0.97428 0.22530 0.003470 0.22520 0.97345 0.041000 0.00862 0.04030 0.999152",91.1876,80.398,1.1663787e-05,0.23126,1,0.938,"NNPDF3.1 NLO PC nf=6",0,1
127,2,FONLL-C,1,0,TRN,1.0,1.0,6,6,6,1.0,0.118,91.2,0,0.007496252,1.777,0,LL,POLE,1.51,1.51,1.0,4.92,4.92,1.0,172.5,172.5,1.0,"0.97428 0.22530 0.003470 0.22520 0.97345 0.041000 0.00862 0.04030 0.999152",91.1876,80.398,1.1663787e-05,0.23126,1,0.938,"NNPDF3.1 NNLO PC nf=6",0,1
128,1,FONLL-B,1,0,EXA,1.0,1.0,5,5,5,1.64,0.118,91.2,0,0.007496252,1.777,0,LL,POLE,1.51,1.51,1.0,4.92,4.92,1.0,172.5,172.5,1.0,"0.97428 0.22530 0.003470 0.22520 0.97345 0.041000 0.00862 0.04030 0.999152",91.1876,80.398,1.1663787e-05,0.23126,1,0.938,"NLO baseline for small-x, FC, damp ON",0,1
129,1,FONLL-B,1,0,EXA,1.0,1.0,5,5,5,1.64,0.118,91.2,0,0.007496252,1.777,1,NLL,POLE,1.51,1.51,1.0,4.92,4.92,1.0,172.5,172.5,1.0,"0.97428 0.22530 0.003470 0.22520 0.97345 0.041000 0.00862 0.04030 0.999152",91.1876,80.398,1.1663787e-05,0.23126,1,0.938,"NLO+NLL small-x, FC, damp ON",0,1
130,2,FONLL-C,1,0,EXA,1.0,1.0,5,5,5,1.64,0.118,91.2,0,0.007496252,1.777,0,LL,POLE,1.51,1.51,1.0,4.92,4.92,1.0,172.5,172.5,1.0,"0.97428 0.22530 0.003470 0.22520 0.97345 0.041000 0.00862 0.04030 0.999152",91.1876,80.398,1.1663787e-05,0.23126,1,0.938,"NNLO baseline for small-x, FC, damp ON",0,1
131,2,FONLL-C,1,0,EXA,1.0,1.0,5,5,5,1.64,0.118,91.2,0,0.007496252,1.777,1,NLL,POLE,1.51,1.51,1.0,4.92,4.92,1.0,172.5,172.5,1.0,"0.97428 0.22530 0.003470 0.22520 0.97345 0.041000 0.00862 0.04030 0.999152",91.1876,80.398,1.1663787e-05,0.23126,1,0.938,"NNLO+NLL small-x, FC, damp ON",0,1
132,1,FONLL-B,0,1,TRN,1.0,1.0,5,5,5,1.65,0.118,91.2,1,0.00749226423717512,1.777,0,LL,POLE,1.51,1.51,1.0,4.92,4.92,1.0,172.5,172.5,1.0,"0.97428 0.22530 0.003470 0.22520 0.97345 0.041000 0.00862 0.04030 0.999152",91.1876,80.398,1.1663787e-05,0.23126,1,0.938,"NNPDF3.1 QED NLO central",0,1
133,2,FONLL-C,0,1,TRN,1.0,1.0,5,5,5,1.65,0.118,91.2,1,0.007778240462411,91.2,0,LL,POLE,1.51,1.51,1.0,4.92,4.92,1.0,172.5,172.5,1.0,"0.97428 0.22530 0.003470 0.22520 0.97345 0.041000 0.00862 0.04030 0.999152",91.1876,80.398,1.1663787e-05,0.23126,1,0.938,"NNPDF3.1 QED NNLO central",0,1
134,2,FONLL-C,0,1,TRN,1.0,1.0,5,5,5,1.65,0.127,91.2,0,0.007496252,1.777,0,LL,POLE,1.51,1.51,1.0,4.92,4.92,1.0,172.5,172.5,1.0,"0.97428 0.22530 0.003470 0.22520 0.97345 0.041000 0.00862 0.04030 0.999152",91.1876,80.398,1.1663787e-05,0.23126,1,0.938,"NNPDF3.1 NNLO FC alphaS 127",0,1
135,2,FONLL-C,0,1,TRN,1.0,1.0,5,5,5,1.65,0.13,91.2,0,0.007496252,1.777,0,LL,POLE,1.51,1.51,1.0,4.92,4.92,1.0,172.5,172.5,1.0,"0.97428 0.22530 0.003470 0.22520 0.97345 0.041000 0.00862 0.04030 0.999152",91.1876,80.398,1.1663787e-05,0.23126,1,0.938,"NNPDF3.1 NNLO FC alphaS 130",0,1
136,2,FONLL-C,0,1,TRN,1.0,1.0,5,5,5,1.65,0.128,91.2,0,0.007496252,1.777,0,LL,POLE,1.51,1.51,1.0,4.92,4.92,1.0,172.5,172.5,1.0,"0.97428 0.22530 0.003470 0.22520 0.97345 0.041000 0.00862 0.04030 0.999152",91.1876,80.398,1.1663787e-05,0.23126,1,0.938,"NNPDF3.1 NNLO FC alphaS 128",0,1
137,2,FONLL-C,0,1,TRN,1.0,1.0,5,5,5,1.65,0.125,91.2,0,0.007496252,1.777,0,LL,POLE,1.51,1.51,1.0,4.92,4.92,1.0,172.5,172.5,1.0,"0.97428 0.22530 0.003470 0.22520 0.97345 0.041000 0.00862 0.04030 0.999152",91.1876,80.398,1.1663787e-05,0.23126,1,0.938,"NNPDF3.1 NNLO FC alphaS 125",0,1
138,2,FONLL-C,0,1,TRN,1.0,1.0,5,5,5,1.65,0.126,91.2,0,0.007496252,1.777,0,LL,POLE,1.51,1.51,1.0,4.92,4.92,1.0,172.5,172.5,1.0,"0.97428 0.22530 0.003470 0.22520 0.97345 0.041000 0.00862 0.04030 0.999152",91.1876,80.398,1.1663787e-05,0.23126,1,0.938,"NNPDF3.1 NNLO FC alphaS 126",0,1
139,1,FONLL-B,0,1,TRN,1.0,1.0,5,5,5,1.65,0.106,91.2,0,0.007496252,1.777,0,LL,POLE,1.51,1.51,1.0,4.92,4.92,1.0,172.5,172.5,1.0,"0.97428 0.22530 0.003470 0.22520 0.97345 0.041000 0.00862 0.04030 0.999152",91.1876,80.398,1.1663787e-05,0.23126,1,0.938,"NNPDF3.1 NLO FC alphaS 106",0,1
140,1,FONLL-B,0,1,TRN,1.0,1.0,5,5,5,1.65,0.108,91.2,0,0.007496252,1.777,0,LL,POLE,1.51,1.51,1.0,4.92,4.92,1.0,172.5,172.5,1.0,"0.97428 0.22530 0.003470 0.22520 0.97345 0.041000 0.00862 0.04030 0.999152",91.1876,80.398,1.1663787e-05,0.23126,1,0.938,"NNPDF3.1 NLO FC alphaS 108",0,1
141,1,FONLL-B,0,1,TRN,1.0,1.0,5,5,5,1.65,0.11,91.2,0,0.007496252,1.777,0,LL,POLE,1.51,1.51,1.0,4.92,4.92,1.0,172.5,172.5,1.0,"0.97428 0.22530 0.003470 0.22520 0.97345 0.041000 0.00862 0.04030 0.999152",91.1876,80.398,1.1663787e-05,0.23126,1,0.938,"NNPDF3.1 NLO FC alphaS 110",0,1
142,1,FONLL-B,0,1,TRN,1.0,1.0,5,5,5,1.65,0.113,91.2,0,0.007496252,1.777,0,LL,POLE,1.51,1.51,1.0,4.92,4.92,1.0,172.5,172.5,1.0,"0.97428 0.22530 0.003470 0.22520 0.97345 0.041000 0.00862 0.04030 0.999152",91.1876,80.398,1.1663787e-05,0.23126,1,0.938,"NNPDF3.1 NLO FC alphaS 113",0,1
143,1,FONLL-B,0,1,TRN,1.0,1.0,5,5,5,1.65,0.115,91.2,0,0.007496252,1.777,0,LL,POLE,1.51,1.51,1.0,4.92,4.92,1.0,172.5,172.5,1.0,"0.97428 0.22530 0.003470 0.22520 0.97345 0.041000 0.00862 0.04030 0.999152",91.1876,80.398,1.1663787e-05,0.23126,1,0.938,"NNPDF3.1 NLO FC alphaS 115",0,1
144,1,FONLL-B,0,1,TRN,1.0,1.0,5,5,5,1.65,0.121,91.2,0,0.007496252,1.777,0,LL,POLE,1.51,1.51,1.0,4.92,4.92,1.0,172.5,172.5,1.0,"0.97428 0.22530 0.003470 0.22520 0.97345 0.041000 0.00862 0.04030 0.999152",91.1876,80.398,1.1663787e-05,0.23126,1,0.938,"NNPDF3.1 NLO FC alphaS 121",0,1
145,1,FONLL-B,0,1,TRN,1.0,1.0,5,5,5,1.65,0.123,91.2,0,0.007496252,1.777,0,LL,POLE,1.51,1.51,1.0,4.92,4.92,1.0,172.5,172.5,1.0,"0.97428 0.22530 0.003470 0.22520 0.97345 0.041000 0.00862 0.04030 0.999152",91.1876,80.398,1.1663787e-05,0.23126,1,0.938,"NNPDF3.1 NLO FC alphaS 123",0,1
146,1,FONLL-B,0,1,TRN,1.0,1.0,5,5,5,1.65,0.125,91.2,0,0.007496252,1.777,0,LL,POLE,1.51,1.51,1.0,4.92,4.92,1.0,172.5,172.5,1.0,"0.97428 0.22530 0.003470 0.22520 0.97345 0.041000 0.00862 0.04030 0.999152",91.1876,80.398,1.1663787e-05,0.23126,1,0.938,"NNPDF3.1 NLO FC alphaS 125",0,1
147,1,FONLL-B,0,1,TRN,1.0,1.0,5,5,5,1.65,0.126,91.2,0,0.007496252,1.777,0,LL,POLE,1.51,1.51,1.0,4.92,4.92,1.0,172.5,172.5,1.0,"0.97428 0.22530 0.003470 0.22520 0.97345 0.041000 0.00862 0.04030 0.999152",91.1876,80.398,1.1663787e-05,0.23126,1,0.938,"NNPDF3.1 NLO FC alphaS 126",0,1
148,1,FONLL-B,0,1,TRN,1.0,1.0,5,5,5,1.65,0.127,91.2,0,0.007496252,1.777,0,LL,POLE,1.51,1.51,1.0,4.92,4.92,1.0,172.5,172.5,1.0,"0.97428 0.22530 0.003470 0.22520 0.97345 0.041000 0.00862 0.04030 0.999152",91.1876,80.398,1.1663787e-05,0.23126,1,0.938,"NNPDF3.1 NLO FC alphaS 127",0,1
149,1,FONLL-B,0,1,TRN,1.0,1.0,5,5,5,1.65,0.128,91.2,0,0.007496252,1.777,0,LL,POLE,1.51,1.51,1.0,4.92,4.92,1.0,172.5,172.5,1.0,"0.97428 0.22530 0.003470 0.22520 0.97345 0.041000 0.00862 0.04030 0.999152",91.1876,80.398,1.1663787e-05,0.23126,1,0.938,"NNPDF3.1 NLO FC alphaS 128",0,1
150,1,FONLL-B,0,1,TRN,1.0,1.0,5,5,5,1.65,0.13,91.2,0,0.007496252,1.777,0,LL,POLE,1.51,1.51,1.0,4.92,4.92,1.0,172.5,172.5,1.0,"0.97428 0.22530 0.003470 0.22520 0.97345 0.041000 0.00862 0.04030 0.999152",91.1876,80.398,1.1663787e-05,0.23126,1,0.938,"NNPDF3.1 NLO FC alphaS 130",0,1
151,2,FONLL-C,0,1,EXA,1.0,1.0,5,5,5,1.64,0.118,91.2,0,0.007496252,1.777,1,NLL,POLE,1.51,1.51,1.0,4.92,4.92,1.0,172.5,172.5,1.0,"0.97428 0.22530 0.003470 0.22520 0.97345 0.041000 0.00862 0.04030 0.999152",91.1876,80.398,1.1663787e-05,0.23126,1,0.938,"NNLO+NLL small-x, IC ON, damp OFF",0,1
152,1,FONLL-B,0,1,EXA,1.0,1.0,5,5,5,1.64,0.118,91.2,0,0.007496252,1.777,1,NLL,POLE,1.51,1.51,1.0,4.92,4.92,1.0,172.5,172.5,1.0,"0.97428 0.22530 0.003470 0.22520 0.97345 0.041000 0.00862 0.04030 0.999152",91.1876,80.398,1.1663787e-05,0.23126,1,0.938,"NLO+NLL small-x, IC ON, damp OFF",0,1
153,1,FONLL-B,0,1,EXA,1.0,1.0,5,5,5,1.64,0.118,91.2,0,0.007496252,1.777,0,LL,POLE,1.51,1.51,1.0,4.92,4.92,1.0,172.5,172.5,1.0,"0.97428 0.22530 0.003470 0.22520 0.97345 0.041000 0.00862 0.04030 0.999152",91.1876,80.398,1.1663787e-05,0.23126,1,0.938,"NLO baseline for small-x, IC ON, damp OFF",0,1
154,2,FONLL-C,0,1,EXA,1.0,1.0,5,5,5,1.64,0.118,91.2,0,0.007496252,1.777,0,LL,POLE,1.51,1.51,1.0,4.92,4.92,1.0,172.5,172.5,1.0,"0.97428 0.22530 0.003470 0.22520 0.97345 0.041000 0.00862 0.04030 0.999152",91.1876,80.398,1.1663787e-05,0.23126,1,0.938,"NNLO baseline for small-x, IC ON, damp OFF",0,1
155,2,FONLL-C,0,1,EXA,1.0,1.0,5,5,5,1.64,0.118,91.2,0,0.007496252,1.777,1,NLL,POLE,1.51,1.51,1.0,4.92,4.92,1.0,172.5,172.5,1.0,"0.97428 0.22530 0.003470 0.22520 0.97345 0.041000 0.00862 0.04030 0.999152",91.1876,80.398,1.1663787e-05,0.23126,1,0.938,"NNLO+NLL small-x, IC ON, damp OFF, HELL3.0beta",0,1
156,2,FONLL-C,0,1,TRN,0.5,0.5,5,5,5,1.65,0.118,91.2,0,0.007496252,1.777,0,LL,POLE,1.51,1.51,1.0,4.92,4.92,1.0,172.5,172.5,1.0,"0.97428 0.22530 0.003470 0.22520 0.97345 0.041000 0.00862 0.04030 0.999152",91.1876,80.398,1.1663787e-05,0.23126,1,0.938,"NNPDF3.1 NNLO FC xiF=xiR=0.5",0,1
157,2,FONLL-C,0,1,TRN,2.0,2.0,5,5,5,1.65,0.118,91.2,0,0.007496252,1.777,0,LL,POLE,1.51,1.51,1.0,4.92,4.92,1.0,172.5,172.5,1.0,"0.97428 0.22530 0.003470 0.22520 0.97345 0.041000 0.00862 0.04030 0.999152",91.1876,80.398,1.1663787e-05,0.23126,1,0.938,"NNPDF3.1 NNLO FC xiF=xiR=2.0",0,1
158,1,FONLL-A,0,1,TRN,0.5,0.5,5,5,5,1.65,0.118,91.2,0,0.007496252,1.777,0,LL,POLE,1.51,1.51,1.0,4.92,4.92,1.0,172.5,172.5,1.0,"0.97428 0.22530 0.003470 0.22520 0.97345 0.041000 0.00862 0.04030 0.999152",91.1876,80.398,1.1663787e-05,0.23126,1,0.938,"NNPDF3.1 NLO (FONLLA) FC xiF=xiR=0.5",0,1
159,1,FONLL-A,0,1,TRN,2.0,2.0,5,5,5,1.65,0.118,91.2,0,0.007496252,1.777,0,LL,POLE,1.51,1.51,1.0,4.92,4.92,1.0,172.5,172.5,1.0,"0.97428 0.22530 0.003470 0.22520 0.97345 0.041000 0.00862 0.04030 0.999152",91.1876,80.398,1.1663787e-05,0.23126,1,0.938,"NNPDF3.1 NLO (FONNLA) FC xiF=xiR=2.0",0,1
160,2,FONLL-C,0,1,TRN,1.0,1.0,5,5,5,1.65,0.118,91.2,0,0.007496252,1.777,0,LL,POLE,1.51,1.51,1.0,4.92,4.92,1.0,172.5,172.5,1.0,"0.97428 0.22530 0.003470 0.22520 0.97345 0.041000 0.00862 0.04030 0.999152",91.1876,80.398,1.1663787e-05,0.23126,1,0.938,"*LOW PRECISION* NNPDF3.1 NNLO central",20,1
161,2,FONLL-C,0,1,TRN,1.0,1.0,5,5,5,1.65,0.118,91.2,0,0.007496252,1.777,0,LL,POLE,1.51,1.51,1.0,4.92,4.92,1.0,172.5,172.5,1.0,"0.97428 0.22530 0.003470 0.22520 0.97345 0.041000 0.00862 0.040    30 0.999152",91.1876,80.398,1.1663787e-05,0.23126,1,0.938,"*LOW PRECISION (15)* NNPDF3.1 NNLO central",15,1
162,2,FONLL-C,0,1,TRN,1.0,1.0,5,5,5,1.65,0.118,91.2,0,0.007496252,1.777,0,LL,POLE,1.51,1.51,1.0,4.92,4.92,1.0,172.5,172.5,1.0,"0.97428 0.22530 0.003470 0.22520 0.97345 0.041000 0.00862 0.040    30 0.999152",91.1876,80.398,1.1663787e-05,0.23126,1,0.938,"*LOW PRECISION (10)* NNPDF3.1 NNLO central",10,1
163,1,FONLL-B,0,1,TRN,1.0,1.0,5,5,5,1.65,0.118,91.2,0,0.007496252,1.777,0,LL,POLE,1.51,1.51,1.0,4.92,4.92,2.0,172.5,172.5,1.0,"0.97428 0.22530 0.003470 0.22520 0.97345 0.041000 0.00862 0.04030 0.999152",91.1876,80.398,1.1663787e-05,0.23126,1,0.938,"NNPDF3.1 NLO central, b thresholds 2*m",0,1
164,1,FONLL-B,0,1,TRN,2.0,2.0,5,5,5,1.65,0.118,91.2,0,0.007496252,1.777,0,LL,POLE,1.51,1.51,1.0,4.92,4.92,2.0,172.5,172.5,1.0,"0.97428 0.22530 0.003470 0.22520 0.97345 0.041000 0.00862 0.04030 0.999152",91.1876,80.398,1.1663787e-05,0.23126,1,0.938,"NNPDF3.1 NLO central, b thresholds 2*m, xiF=xiR=2",0,1
165,1,FONLL-B,0,1,TRN,0.5,0.5,5,5,5,1.65,0.118,91.2,0,0.007496252,1.777,0,LL,POLE,1.51,1.51,1.0,4.92,4.92,2.0,172.5,172.5,1.0,"0.97428 0.22530 0.003470 0.22520 0.97345 0.041000 0.00862 0.04030 0.999152",91.1876,80.398,1.1663787e-05,0.23126,1,0.938,"NNPDF3.1 NLO central, b thresholds 2*m xiF=xiR=0.5",0,1
166,2,FONLL-C,0,1,TRN,1.0,1.0,5,5,5,1.65,0.118,91.2,0,0.007496252,1.777,0,LL,POLE,1.51,1.51,1.0,4.92,4.92,2.0,172.5,172.5,1.0,"0.97428 0.22530 0.003470 0.22520 0.97345 0.041000 0.00862 0.04030 0.999152",91.1876,80.398,1.1663787e-05,0.23126,1,0.938,"NNPDF3.1 NNLO central, b thresholds 2*m",0,1
167,2,FONLL-C,0,1,TRN,2.0,2.0,5,5,5,1.65,0.118,91.2,0,0.007496252,1.777,0,LL,POLE,1.51,1.51,1.0,4.92,4.92,2.0,172.5,172.5,1.0,"0.97428 0.22530 0.003470 0.22520 0.97345 0.041000 0.00862 0.04030 0.999152",91.1876,80.398,1.1663787e-05,0.23126,1,0.938,"NNPDF3.1 NNLO central, b thresholds 2*m, xiF=xiR=2",0,1
168,2,FONLL-C,0,1,TRN,0.5,0.5,5,5,5,1.65,0.118,91.2,0,0.007496252,1.777,0,LL,POLE,1.51,1.51,1.0,4.92,4.92,2.0,172.5,172.5,1.0,"0.97428 0.22530 0.003470 0.22520 0.97345 0.041000 0.00862 0.04030 0.999152",91.1876,80.398,1.1663787e-05,0.23126,1,0.938,"NNPDF3.1 NNLO central, b thresholds 2*m xiF=xiR=0.5",0,1
169,1,FONLL-B,0,1,TRN,2.0,1.0,5,5,5,1.65,0.118,91.2,0,0.007496252,1.777,0,LL,POLE,1.51,1.51,1.0,4.92,4.92,2.0,172.5,172.5,1.0,"0.97428 0.22530 0.003470 0.22520 0.97345 0.041000 0.00862 0.04030 0.999152",91.1876,80.398,1.1663787e-05,0.23126,1,0.938,"NNPDF3.1 NLO central, b thresholds 2*m, xiF=central, xiR=2",0,1
170,1,FONLL-B,0,1,TRN,0.5,1.0,5,5,5,1.65,0.118,91.2,0,0.007496252,1.777,0,LL,POLE,1.51,1.51,1.0,4.92,4.92,2.0,172.5,172.5,1.0,"0.97428 0.22530 0.003470 0.22520 0.97345 0.041000 0.00862 0.04030 0.999152",91.1876,80.398,1.1663787e-05,0.23126,1,0.938,"NNPDF3.1 NLO central, b thresholds 2*m, xiF=central, xiR=0.5",0,1
171,1,FONLL-B,0,1,TRN,1.0,2.0,5,5,5,1.65,0.118,91.2,0,0.007496252,1.777,0,LL,POLE,1.51,1.51,1.0,4.92,4.92,2.0,172.5,172.5,1.0,"0.97428 0.22530 0.003470 0.22520 0.97345 0.041000 0.00862 0.04030 0.999152",91.1876,80.398,1.1663787e-05,0.23126,1,0.938,"NNPDF3.1 NLO central, b thresholds 2*m, xiF=2.0, xiR=central",0,1
172,1,FONLL-B,0,1,TRN,1.0,0.5,5,5,5,1.65,0.118,91.2,0,0.007496252,1.777,0,LL,POLE,1.51,1.51,1.0,4.92,4.92,2.0,172.5,172.5,1.0,"0.97428 0.22530 0.003470 0.22520 0.97345 0.041000 0.00862 0.04030 0.999152",91.1876,80.398,1.1663787e-05,0.23126,1,0.938,"NNPDF3.1 NLO central, b thresholds 2*m, xiF=0.5, xiR=central",0,1
173,1,FONLL-B,0,1,TRN,0.5,0.5,5,5,5,1.65,0.118,91.2,0,0.007496252,1.777,0,LL,POLE,1.51,1.51,1.0,4.92,4.92,2.0,172.5,172.5,1.0,"0.97428 0.22530 0.003470 0.22520 0.97345 0.041000 0.00862 0.04030 0.999152",91.1876,80.398,1.1663787e-05,0.23126,1,0.938,"NNPDF3.1 NLO central, b thresholds 2*m, noEScaleVar, xiF=0.5, xiR=0.5",0,0
174,1,FONLL-B,0,1,TRN,0.5,1.0,5,5,5,1.65,0.118,91.2,0,0.007496252,1.777,0,LL,POLE,1.51,1.51,1.0,4.92,4.92,2.0,172.5,172.5,1.0,"0.97428 0.22530 0.003470 0.22520 0.97345 0.041000 0.00862 0.04030 0.999152",91.1876,80.398,1.1663787e-05,0.23126,1,0.938,"NNPDF3.1 NLO central, b thresholds 2*m, noEScaleVar, xiF=central, xiR=0.5",0,0
175,1,FONLL-B,0,1,TRN,0.5,2.0,5,5,5,1.65,0.118,91.2,0,0.007496252,1.777,0,LL,POLE,1.51,1.51,1.0,4.92,4.92,2.0,172.5,172.5,1.0,"0.97428 0.22530 0.003470 0.22520 0.97345 0.041000 0.00862 0.04030 0.999152",91.1876,80.398,1.1663787e-05,0.23126,1,0.938,"NNPDF3.1 NLO central, b thresholds 2*m, noEScaleVar, xiF=2.0, xiR=0.5",0,0
176,1,FONLL-B,0,1,TRN,1.0,0.5,5,5,5,1.65,0.118,91.2,0,0.007496252,1.777,0,LL,POLE,1.51,1.51,1.0,4.92,4.92,2.0,172.5,172.5,1.0,"0.97428 0.22530 0.003470 0.22520 0.97345 0.041000 0.00862 0.04030 0.999152",91.1876,80.398,1.1663787e-05,0.23126,1,0.938,"NNPDF3.1 NLO central, b thresholds 2*m, noEScaleVar, xiF=0.5, xiR=central",0,0
177,1,FONLL-B,0,1,TRN,1.0,2.0,5,5,5,1.65,0.118,91.2,0,0.007496252,1.777,0,LL,POLE,1.51,1.51,1.0,4.92,4.92,2.0,172.5,172.5,1.0,"0.97428 0.22530 0.003470 0.22520 0.97345 0.041000 0.00862 0.04030 0.999152",91.1876,80.398,1.1663787e-05,0.23126,1,0.938,"NNPDF3.1 NLO central, b thresholds 2*m, noEScaleVar, xiF=2.0, xiR=central",0,0
178,1,FONLL-B,0,1,TRN,2.0,0.5,5,5,5,1.65,0.118,91.2,0,0.007496252,1.777,0,LL,POLE,1.51,1.51,1.0,4.92,4.92,2.0,172.5,172.5,1.0,"0.97428 0.22530 0.003470 0.22520 0.97345 0.041000 0.00862 0.04030 0.999152",91.1876,80.398,1.1663787e-05,0.23126,1,0.938,"NNPDF3.1 NLO central, b thresholds 2*m, noEScaleVar, xiF=0.5, xiR=2.0",0,0
179,1,FONLL-B,0,1,TRN,2.0,1.0,5,5,5,1.65,0.118,91.2,0,0.007496252,1.777,0,LL,POLE,1.51,1.51,1.0,4.92,4.92,2.0,172.5,172.5,1.0,"0.97428 0.22530 0.003470 0.22520 0.97345 0.041000 0.00862 0.04030 0.999152",91.1876,80.398,1.1663787e-05,0.23126,1,0.938,"NNPDF3.1 NLO central, b thresholds 2*m, noEScaleVar, xiF=central, xiR=2.0",0,0
180,1,FONLL-B,0,1,TRN,2.0,2.0,5,5,5,1.65,0.118,91.2,0,0.007496252,1.777,0,LL,POLE,1.51,1.51,1.0,4.92,4.92,2.0,172.5,172.5,1.0,"0.97428 0.22530 0.003470 0.22520 0.97345 0.041000 0.00862 0.04030 0.999152",91.1876,80.398,1.1663787e-05,0.23126,1,0.938,"NNPDF3.1 NLO central, b thresholds 2*m, noEScaleVar, xiF=2.0, xiR=2.0",0,0
181,2,FONLL-C,0,1,TRN,1.0,1.0,5,5,5,1.65,0.118,91.2,0,0.007496252,1.777,0,LL,POLE,1.51,1.51,1.0,4.92,4.92,2.0,172.5,172.5,1.0,"0.97428 0.22530 0.003470 0.22520 0.97345 0.041000 0.00862 0.04030 0.999152",91.1876,80.398,1.1663787e-05,0.23126,1,0.938,"NNPDF3.1 NNLO central, b thresholds 2*m",0,1
182,2,FONLL-C,0,1,TRN,0.5,0.5,5,5,5,1.65,0.118,91.2,0,0.007496252,1.777,0,LL,POLE,1.51,1.51,1.0,4.92,4.92,2.0,172.5,172.5,1.0,"0.97428 0.22530 0.003470 0.22520 0.97345 0.041000 0.00862 0.04030 0.999152",91.1876,80.398,1.1663787e-05,0.23126,1,0.938,"NNPDF3.1 NNLO central, b thresholds 2*m, noEScaleVar, xiF=0.5, xiR=0.5",0,0
183,2,FONLL-C,0,1,TRN,0.5,1.0,5,5,5,1.65,0.118,91.2,0,0.007496252,1.777,0,LL,POLE,1.51,1.51,1.0,4.92,4.92,2.0,172.5,172.5,1.0,"0.97428 0.22530 0.003470 0.22520 0.97345 0.041000 0.00862 0.04030 0.999152",91.1876,80.398,1.1663787e-05,0.23126,1,0.938,"NNPDF3.1 NNLO central, b thresholds 2*m, noEScaleVar, xiF=central, xiR=0.5",0,0
184,2,FONLL-C,0,1,TRN,0.5,2.0,5,5,5,1.65,0.118,91.2,0,0.007496252,1.777,0,LL,POLE,1.51,1.51,1.0,4.92,4.92,2.0,172.5,172.5,1.0,"0.97428 0.22530 0.003470 0.22520 0.97345 0.041000 0.00862 0.04030 0.999152",91.1876,80.398,1.1663787e-05,0.23126,1,0.938,"NNPDF3.1 NNLO central, b thresholds 2*m, noEScaleVar, xiF=2.0, xiR=0.5",0,0
185,2,FONLL-C,0,1,TRN,1.0,0.5,5,5,5,1.65,0.118,91.2,0,0.007496252,1.777,0,LL,POLE,1.51,1.51,1.0,4.92,4.92,2.0,172.5,172.5,1.0,"0.97428 0.22530 0.003470 0.22520 0.97345 0.041000 0.00862 0.04030 0.999152",91.1876,80.398,1.1663787e-05,0.23126,1,0.938,"NNPDF3.1 NNLO central, b thresholds 2*m, noEScaleVar, xiF=0.5, xiR=central",0,0
186,2,FONLL-C,0,1,TRN,1.0,2.0,5,5,5,1.65,0.118,91.2,0,0.007496252,1.777,0,LL,POLE,1.51,1.51,1.0,4.92,4.92,2.0,172.5,172.5,1.0,"0.97428 0.22530 0.003470 0.22520 0.97345 0.041000 0.00862 0.04030 0.999152",91.1876,80.398,1.1663787e-05,0.23126,1,0.938,"NNPDF3.1 NNLO central, b thresholds 2*m, noEScaleVar, xiF=2.0, xiR=central",0,0
187,2,FONLL-C,0,1,TRN,2.0,0.5,5,5,5,1.65,0.118,91.2,0,0.007496252,1.777,0,LL,POLE,1.51,1.51,1.0,4.92,4.92,2.0,172.5,172.5,1.0,"0.97428 0.22530 0.003470 0.22520 0.97345 0.041000 0.00862 0.04030 0.999152",91.1876,80.398,1.1663787e-05,0.23126,1,0.938,"NNPDF3.1 NNLO central, b thresholds 2*m, noEScaleVar, xiF=0.5, xiR=2.0",0,0
188,2,FONLL-C,0,1,TRN,2.0,1.0,5,5,5,1.65,0.118,91.2,0,0.007496252,1.777,0,LL,POLE,1.51,1.51,1.0,4.92,4.92,2.0,172.5,172.5,1.0,"0.97428 0.22530 0.003470 0.22520 0.97345 0.041000 0.00862 0.04030 0.999152",91.1876,80.398,1.1663787e-05,0.23126,1,0.938,"NNPDF3.1 NNLO central, b thresholds 2*m, noEScaleVar, xiF=central, xiR=2.0",0,0
189,2,FONLL-C,0,1,TRN,2.0,2.0,5,5,5,1.65,0.118,91.2,0,0.007496252,1.777,0,LL,POLE,1.51,1.51,1.0,4.92,4.92,2.0,172.5,172.5,1.0,"0.97428 0.22530 0.003470 0.22520 0.97345 0.041000 0.00862 0.04030 0.999152",91.1876,80.398,1.1663787e-05,0.23126,1,0.938,"NNPDF3.1 NNLO central, b thresholds 2*m, noEScaleVar, xiF=2.0, xiR=2.0",0,0
190,1,FONLL-B,0,1,TRN,1.0,1.0,5,5,5,1.65,0.118,91.2,0,0.007496252,1.777,0,LL,POLE,1.11,1.11,1.0,4.92,4.92,1.0,172.5,172.5,1.0,"0.97428 0.22530 0.003470 0.22520 0.97345 0.041000 0.00862 0.04030 0.999152",91.1876,80.398,1.1663787e-05,0.23126,1,0.938,"NNPDF3.1 NLO central mc=1.11",0,1
191,1,FONLL-B,0,1,TRN,1.0,1.0,5,5,5,1.65,0.118,91.2,0,0.007496252,1.777,0,LL,POLE,1.21,1.21,1.0,4.92,4.92,1.0,172.5,172.5,1.0,"0.97428 0.22530 0.003470 0.22520 0.97345 0.041000 0.00862 0.04030 0.999152",91.1876,80.398,1.1663787e-05,0.23126,1,0.938,"NNPDF3.1 NLO central mc=1.21",0,1
192,1,FONLL-B,0,1,TRN,1.0,1.0,5,5,5,1.65,0.118,91.2,0,0.007496252,1.777,0,LL,POLE,1.31,1.31,1.0,4.92,4.92,1.0,172.5,172.5,1.0,"0.97428 0.22530 0.003470 0.22520 0.97345 0.041000 0.00862 0.04030 0.999152",91.1876,80.398,1.1663787e-05,0.23126,1,0.938,"NNPDF3.1 NLO central mc=1.31",0,1
193,1,FONLL-B,0,1,TRN,1.0,1.0,5,5,5,1.65,0.118,91.2,0,0.007496252,1.777,0,LL,POLE,1.41,1.41,1.0,4.92,4.92,1.0,172.5,172.5,1.0,"0.97428 0.22530 0.003470 0.22520 0.97345 0.041000 0.00862 0.04030 0.999152",91.1876,80.398,1.1663787e-05,0.23126,1,0.938,"NNPDF3.1 NLO central mc=1.41",0,1
194,1,FONLL-B,0,1,TRN,1.0,1.0,5,5,5,1.65,0.118,91.2,0,0.007496252,1.777,0,LL,POLE,1.51,1.51,1.0,4.92,4.92,1.0,172.5,172.5,1.0,"0.97428 0.22530 0.003470 0.22520 0.97345 0.041000 0.00862 0.04030 0.999152",91.1876,80.398,1.1663787e-05,0.23126,1,0.938,"NNPDF3.1 NLO central mc=1.51",0,1
195,1,FONLL-B,0,1,TRN,1.0,1.0,5,5,5,1.65,0.118,91.2,0,0.007496252,1.777,0,LL,POLE,1.61,1.61,1.0,4.92,4.92,1.0,172.5,172.5,1.0,"0.97428 0.22530 0.003470 0.22520 0.97345 0.041000 0.00862 0.04030 0.999152",91.1876,80.398,1.1663787e-05,0.23126,1,0.938,"NNPDF3.1 NLO central mc=1.61",0,1
196,1,FONLL-B,0,1,TRN,1.0,1.0,5,5,5,2.0,0.118,91.2,0,0.007496252,1.777,0,LL,POLE,1.71,1.71,1.0,4.92,4.92,1.0,172.5,172.5,1.0,"0.97428 0.22530 0.003470 0.22520 0.97345 0.041000 0.00862 0.04030 0.999152",91.1876,80.398,1.1663787e-05,0.23126,1,0.938,"NNPDF3.1 NLO central mc=1.71",0,1
197,1,FONLL-B,0,1,TRN,1.0,1.0,5,5,5,2.0,0.118,91.2,0,0.007496252,1.777,0,LL,POLE,1.81,1.81,1.0,4.92,4.92,1.0,172.5,172.5,1.0,"0.97428 0.22530 0.003470 0.22520 0.97345 0.041000 0.00862 0.04030 0.999152",91.1876,80.398,1.1663787e-05,0.23126,1,0.938,"NNPDF3.1 NLO central mc=1.81",0,1
198,1,FONLL-B,0,1,TRN,1.0,1.0,5,5,5,2.0,0.118,91.2,0,0.007496252,1.777,0,LL,POLE,1.91,1.91,1.0,4.92,4.92,1.0,172.5,172.5,1.0,"0.97428 0.22530 0.003470 0.22520 0.97345 0.041000 0.00862 0.04030 0.999152",91.1876,80.398,1.1663787e-05,0.23126,1,0.938,"NNPDF3.1 NLO central mc=1.91",0,1
199,1,FONLL-B,0,1,TRN,1.0,1.0,5,5,5,1.65,0.118,91.2,0,0.007496252,1.777,0,LL,POLE,1.51,1.51,1.0,4.92,4.92,1.0,172.5,172.5,1.0,"0.97428 0.22530 0.003470 0.22520 0.97345 0.041000 0.00862 0.04030 0.999152",91.1876,80.398,1.1663787e-05,0.23126,1,0.938,"NNPDF3.1 NLO central, LO2 and NLO2",0,1
200,2,FONLL-C,0,1,TRN,1.0,1.0,5,5,5,1.65,0.118,91.2,0,0.007496252,1.777,0,LL,POLE,1.51,1.51,1.0,4.92,4.92,1.0,172.5,172.5,1.0,"0.97428 0.22530 0.003470 0.22520 0.97345 0.041000 0.00862 0.04030 0.999152",91.1876,80.398,1.1663787e-05,0.23126,1,0.938,"NNPDF4.0 NNLO alphas=0.118",0,1
201,2,FONLL-C,0,1,TRN,1.0,1.0,5,5,5,1.65,0.116,91.2,0,0.007496252,1.777,0,LL,POLE,1.51,1.51,1.0,4.92,4.92,1.0,172.5,172.5,1.0,"0.97428 0.22530 0.003470 0.22520 0.97345 0.041000 0.00862 0.04030 0.999152",91.1876,80.398,1.1663787e-05,0.23126,1,0.938,"NNPDF4.0 NNLO alphas=0.116",0,1
202,2,FONLL-C,0,1,TRN,1.0,1.0,5,5,5,1.65,0.117,91.2,0,0.007496252,1.777,0,LL,POLE,1.51,1.51,1.0,4.92,4.92,1.0,172.5,172.5,1.0,"0.97428 0.22530 0.003470 0.22520 0.97345 0.041000 0.00862 0.04030 0.999152",91.1876,80.398,1.1663787e-05,0.23126,1,0.938,"NNPDF4.0 NNLO alphas=0.117",0,1
203,2,FONLL-C,0,1,TRN,1.0,1.0,5,5,5,1.65,0.1175,91.2,0,0.007496252,1.777,0,LL,POLE,1.51,1.51,1.0,4.92,4.92,1.0,172.5,172.5,1.0,"0.97428 0.22530 0.003470 0.22520 0.97345 0.041000 0.00862 0.04030 0.999152",91.1876,80.398,1.1663787e-05,0.23126,1,0.938,"NNPDF4.0 NNLO alphas=0.1175",0,1
204,2,FONLL-C,0,1,TRN,1.0,1.0,5,5,5,1.65,0.1185,91.2,0,0.007496252,1.777,0,LL,POLE,1.51,1.51,1.0,4.92,4.92,1.0,172.5,172.5,1.0,"0.97428 0.22530 0.003470 0.22520 0.97345 0.041000 0.00862 0.04030 0.999152",91.1876,80.398,1.1663787e-05,0.23126,1,0.938,"NNPDF4.0 NNLO alphas=0.1185",0,1
205,2,FONLL-C,0,1,TRN,1.0,1.0,5,5,5,1.65,0.119,91.2,0,0.007496252,1.777,0,LL,POLE,1.51,1.51,1.0,4.92,4.92,1.0,172.5,172.5,1.0,"0.97428 0.22530 0.003470 0.22520 0.97345 0.041000 0.00862 0.04030 0.999152",91.1876,80.398,1.1663787e-05,0.23126,1,0.938,"NNPDF4.0 NNLO alphas=0.119",0,1
206,2,FONLL-C,0,1,TRN,1.0,1.0,5,5,5,1.65,0.1195,91.2,0,0.007496252,1.777,0,LL,POLE,1.51,1.51,1.0,4.92,4.92,1.0,172.5,172.5,1.0,"0.97428 0.22530 0.003470 0.22520 0.97345 0.041000 0.00862 0.04030 0.999152",91.1876,80.398,1.1663787e-05,0.23126,1,0.938,"NNPDF4.0 NNLO alphas=0.1195",0,1
207,2,FONLL-C,0,1,TRN,1.0,1.0,5,5,5,1.65,0.12,91.2,0,0.007496252,1.777,0,LL,POLE,1.51,1.51,1.0,4.92,4.92,1.0,172.5,172.5,1.0,"0.97428 0.22530 0.003470 0.22520 0.97345 0.041000 0.00862 0.04030 0.999152",91.1876,80.398,1.1663787e-05,0.23126,1,0.938,"NNPDF4.0 NNLO alphas=0.120",0,1
208,1,FONLL-B,0,1,TRN,1.0,1.0,5,5,5,1.65,0.118,91.2,0,0.007496252,1.777,0,LL,POLE,1.51,1.51,1.0,4.92,4.92,1.0,172.5,172.5,1.0,"0.97428 0.22530 0.003470 0.22520 0.97345 0.041000 0.00862 0.04030 0.999152",91.1876,80.398,1.1663787e-05,0.23126,1,0.938,"NNPDF4.0 NLO alphas=0.118",0,1
209,1,FONLL-B,0,1,TRN,1.0,1.0,5,5,5,1.65,0.117,91.2,0,0.007496252,1.777,0,LL,POLE,1.51,1.51,1.0,4.92,4.92,1.0,172.5,172.5,1.0,"0.97428 0.22530 0.003470 0.22520 0.97345 0.041000 0.00862 0.04030 0.999152",91.1876,80.398,1.1663787e-05,0.23126,1,0.938,"NNPDF4.0 NLO alphas=0.117",0,1
210,1,FONLL-B,0,1,TRN,1.0,1.0,5,5,5,1.65,0.119,91.2,0,0.007496252,1.777,0,LL,POLE,1.51,1.51,1.0,4.92,4.92,1.0,172.5,172.5,1.0,"0.97428 0.22530 0.003470 0.22520 0.97345 0.041000 0.00862 0.04030 0.999152",91.1876,80.398,1.1663787e-05,0.23126,1,0.938,"NNPDF4.0 NLO alphas=0.119",0,1
211,2,FONLL-C,1,0,TRN,1.0,1.0,5,5,5,1.0,0.118,91.2,0,0.007496252,1.777,0,LL,POLE,1.51,1.51,1.0,4.92,4.92,1.0,172.5,172.5,1.0,"0.97428 0.22530 0.003470 0.22520 0.97345 0.041000 0.00862 0.04030 0.999152",91.1876,80.398,1.1663787e-05,0.23126,1,0.938,"NNPDF4.0 NNLO perturbative charm, alphas=0.118",0,1
212,1,FONLL-B,1,0,TRN,1.0,1.0,5,5,5,1.0,0.118,91.2,0,0.007496252,1.777,0,LL,POLE,1.51,1.51,1.0,4.92,4.92,1.0,172.5,172.5,1.0,"0.97428 0.22530 0.003470 0.22520 0.97345 0.041000 0.00862 0.04030 0.999152",91.1876,80.398,1.1663787e-05,0.23126,1,0.938,"NNPDF4.0 NLO perturbative charm, alphas=0.118",0,1
213,0,ZM-VFNS,0,1,TRN,1.0,1.0,5,5,5,1.65,0.118,91.2,0,0.007496252,1.777,0,LL,POLE,1.51,1.51,1.0,4.92,4.92,1.0,172.5,172.5,1.0,"0.97428 0.22530 0.003470 0.22520 0.97345 0.041000 0.00862 0.04030 0.999152",91.1876,80.398,1.1663787e-05,0.23126,1,0.938,"NNPDF4.0 LO fitted charm, alphas=0.118",0,1
214,0,ZM-VFNS,1,0,TRN,1.0,1.0,5,5,5,1.0,0.118,91.2,0,0.007496252,1.777,0,LL,POLE,1.51,1.51,1.0,4.92,4.92,1.0,172.5,172.5,1.0,"0.97428 0.22530 0.003470 0.22520 0.97345 0.041000 0.00862 0.04030 0.999152",91.1876,80.398,1.1663787e-05,0.23126,1,0.938,"NNPDF4.0 LO perturbative charm, alphas=0.118",0,1
215,2,FONLL-C,1,0,TRN,1.0,1.0,5,5,5,1.0,0.118,91.2,0,0.007496252,1.777,0,LL,POLE,1.4,1.4,1.0,4.92,4.92,1.0,173.3,173.3,1.0,"0.97428 0.22530 0.003470 0.22520 0.97345 0.041000 0.00862 0.04030 0.999152",91.1876,80.398,1.1663787e-05,0.23126,1,0.938,"NNPDF3.1 NNLO PC mc=1.40 (PDF4LHC20)",0,1
216,2,FONLL-C,0,1,TRN,1.0,1.0,5,5,5,1.65,0.118,91.2,0,0.007496252,1.777,0,LL,POLE,1.51,1.51,1.0,4.92,4.92,1.0,172.5,172.5,1.0,"0.97428 0.22530 0.003470 0.22520 0.97345 0.041000 0.00862 0.04030 0.999152",91.1876,80.398,1.1663787e-05,0.23126,1,0.938,"NNPDF4.0 NNLO alphas=0.118, fine FK tables",0,1
217,2,FONLL-C,0,1,TRN,1.0,1.0,5,5,5,1.65,0.118,91.2,0,0.007496252,1.777,0,LL,POLE,1.51,1.51,1.0,4.92,4.92,1.0,172.5,172.5,1.0,"0.97428 0.22530 0.003470 0.22520 0.97345 0.041000 0.00862 0.04030 0.999152",91.1876,80.398,1.1663787e-05,0.23126,1,0.938,"NNPDF4.0 NNLO alphas=0.118, iterated K factors",0,1
218,1,FONLL-B,1,0,TRN,1.0,1.0,3,3,3,1.0,0.339102432438701,1.50999,0,0.007496252,1.777,0,LL,POLE,1.51,1.51,1.0,4.92,4.92,1.0,172.5,172.5,1.0,"0.97428 0.22530 0.003470 0.22520 0.97345 0.041000 0.00862 0.04030 0.999152",91.1876,80.398,1.1663787e-05,0.23126,1,0.938,"NNPDF4.0 NLO PC nf=3",0,1
219,2,FONLL-C,1,0,TRN,1.0,1.0,3,3,3,1.0,0.345483403385062,1.50999,0,0.007496252,1.777,0,LL,POLE,1.51,1.51,1.0,4.92,4.92,1.0,172.5,172.5,1.0,"0.97428 0.22530 0.003470 0.22520 0.97345 0.041000 0.00862 0.04030 0.999152",91.1876,80.398,1.1663787e-05,0.23126,1,0.938,"NNPDF4.0 NNLO PC nf=3",0,1
220,1,FONLL-B,0,1,TRN,1.0,1.0,4,4,4,1.65,0.212658401205718,4.91999,0,0.007496252,1.777,0,LL,POLE,1.51,1.51,1.0,4.92,4.92,1.0,172.5,172.5,1.0,"0.97428 0.22530 0.003470 0.22520 0.97345 0.041000 0.00862 0.04030 0.999152",91.1876,80.398,1.1663787e-05,0.23126,1,0.938,"NNPDF4.0 NLO FC nf=4",0,1
221,2,FONLL-C,0,1,TRN,1.0,1.0,4,4,4,1.65,0.213490245341906,4.91999,0,0.007496252,1.777,0,LL,POLE,1.51,1.51,1.0,4.92,4.92,1.0,172.5,172.5,1.0,"0.97428 0.22530 0.003470 0.22520 0.97345 0.041000 0.00862 0.04030 0.999152",91.1876,80.398,1.1663787e-05,0.23126,1,0.938,"NNPDF4.0 NNLO FC nf=4",0,1
222,1,FONLL-B,0,1,TRN,1.0,1.0,6,6,6,1.65,0.118,91.2,0,0.007496252,1.777,0,LL,POLE,1.51,1.51,1.0,4.92,4.92,1.0,172.5,172.5,1.0,"0.97428 0.22530 0.003470 0.22520 0.97345 0.041000 0.00862 0.04030 0.999152",91.1876,80.398,1.1663787e-05,0.23126,1,0.938,"NNPDF4.0 NLO FC nf=6",0,1
223,2,FONLL-C,0,1,TRN,1.0,1.0,6,6,6,1.65,0.118,91.2,0,0.007496252,1.777,0,LL,POLE,1.51,1.51,1.0,4.92,4.92,1.0,172.5,172.5,1.0,"0.97428 0.22530 0.003470 0.22520 0.97345 0.041000 0.00862 0.04030 0.999152",91.1876,80.398,1.1663787e-05,0.23126,1,0.938,"NNPDF4.0 NNLO FC nf=6",0,1
224,1,FONLL-B,0,1,TRN,1.0,1.0,4,4,4,1.65,0.209907863881872,4.91999,0,0.007496252,1.777,0,LL,POLE,1.51,1.51,1.0,4.92,4.92,1.0,172.5,172.5,1.0,"0.97428 0.22530 0.003470 0.22520 0.97345 0.041000 0.00862 0.04030 0.999152",91.1876,80.398,1.1663787e-05,0.23126,1,0.938,"NNPDF4.0 NLO FC nf=4 alphas(mZ)=0.117",0,1
225,2,FONLL-C,0,1,TRN,1.0,1.0,4,4,4,1.65,0.210219536537123,4.91999,0,0.007496252,1.777,0,LL,POLE,1.51,1.51,1.0,4.92,4.92,1.0,172.5,172.5,1.0,"0.97428 0.22530 0.003470 0.22520 0.97345 0.041000 0.00862 0.04030 0.999152",91.1876,80.398,1.1663787e-05,0.23126,1,0.938,"NNPDF4.0 NNLO FC nf=4 alphas(mZ)=0.117",0,1
226,1,FONLL-B,0,1,TRN,1.0,1.0,4,4,4,1.65,0.216679830684404,4.91999,0,0.007496252,1.777,0,LL,POLE,1.51,1.51,1.0,4.92,4.92,1.0,172.5,172.5,1.0,"0.97428 0.22530 0.003470 0.22520 0.97345 0.041000 0.00862 0.04030 0.999152",91.1876,80.398,1.1663787e-05,0.23126,1,0.938,"NNPDF4.0 NLO FC nf=4 alphas(mZ)=0.119",0,1
227,2,FONLL-C,0,1,TRN,1.0,1.0,4,4,4,1.65,0.217034168116119,4.91999,0,0.007496252,1.777,0,LL,POLE,1.51,1.51,1.0,4.92,4.92,1.0,172.5,172.5,1.0,"0.97428 0.22530 0.003470 0.22520 0.97345 0.041000 0.00862 0.04030 0.999152",91.1876,80.398,1.1663787e-05,0.23126,1,0.938,"NNPDF4.0 NNLO FC nf=4 alphas(mZ)=0.119",0,1
228,2,FONLL-C,0,1,TRN,1.0,1.0,5,5,5,1.65,0.118,91.2,0,0.007496252,1.777,0,LL,POLE,1.4,1.4,1.0,4.92,4.92,1.0,172.5,172.5,1.0,"0.97428 0.22530 0.003470 0.22520 0.97345 0.041000 0.00862 0.04030 0.999152",91.1876,80.398,1.1663787e-05,0.23126,1,0.938,"NNPDF3.1prime NNLO alphas=0.118",0,1
229,2,FONLL-C,0,1,TRN,1.0,1.0,5,5,5,1.65,0.118,91.2,0,0.007496252,1.777,0,LL,POLE,1.38,1.38,1.0,4.92,4.92,1.0,172.5,172.5,1.0,"0.97428 0.22530 0.003470 0.22520 0.97345 0.041000 0.00862 0.04030 0.999152",91.1876,80.398,1.1663787e-05,0.23126,1,0.938,"NNPDF4.0 NNLO alphas=0.118 mc=1.38 GeV",0,1
230,2,FONLL-C,0,1,TRN,1.0,1.0,5,5,5,1.65,0.118,91.2,0,0.007496252,1.777,0,LL,POLE,1.64,1.64,1.0,4.92,4.92,1.0,172.5,172.5,1.0,"0.97428 0.22530 0.003470 0.22520 0.97345 0.041000 0.00862 0.04030 0.999152",91.1876,80.398,1.1663787e-05,0.23126,1,0.938,"NNPDF4.0 NNLO alphas=0.118 mc=1.64 GeV",0,1
231,2,FONLL-C,1,0,TRN,1.0,1.0,5,5,5,1.0,0.118,91.2,0,0.007496252,1.777,0,LL,POLE,1.38,1.38,1.0,4.92,4.92,1.0,172.5,172.5,1.0,"0.97428 0.22530 0.003470 0.22520 0.97345 0.041000 0.00862 0.04030 0.999152",91.1876,80.398,1.1663787e-05,0.23126,1,0.938,"NNPDF4.0 NNLO perturbative charm, alphas=0.118 mc=1.38 GeV",0,1
232,2,FONLL-C,1,0,TRN,1.0,1.0,5,5,5,1.0,0.118,91.2,0,0.007496252,1.777,0,LL,POLE,1.64,1.64,1.0,4.92,4.92,1.0,172.5,172.5,1.0,"0.97428 0.22530 0.003470 0.22520 0.97345 0.041000 0.00862 0.04030 0.999152",91.1876,80.398,1.1663787e-05,0.23126,1,0.938,"NNPDF4.0 NNLO perturbative charm, alphas=0.118 mc=1.64 GeV",0,1
233,2,FONLL-C,0,1,TRN,1.0,1.0,5,5,5,1.65,0.114,91.2,0,0.007496252,1.777,0,LL,POLE,1.51,1.51,1.0,4.92,4.92,1.0,172.5,172.5,1.0,"0.97428 0.22530 0.003470 0.22520 0.97345 0.041000 0.00862 0.04030 0.999152",91.1876,80.398,1.1663787e-05,0.23126,1,0.938,"NNPDF4.0 NNLO alphas=0.114",0,1
234,2,FONLL-C,0,1,TRN,1.0,1.0,5,5,5,1.65,0.115,91.2,0,0.007496252,1.777,0,LL,POLE,1.51,1.51,1.0,4.92,4.92,1.0,172.5,172.5,1.0,"0.97428 0.22530 0.003470 0.22520 0.97345 0.041000 0.00862 0.04030 0.999152",91.1876,80.398,1.1663787e-05,0.23126,1,0.938,"NNPDF4.0 NNLO alphas=0.115",0,1
235,2,FONLL-C,0,1,TRN,1.0,1.0,5,5,5,1.65,0.121,91.2,0,0.007496252,1.777,0,LL,POLE,1.51,1.51,1.0,4.92,4.92,1.0,172.5,172.5,1.0,"0.97428 0.22530 0.003470 0.22520 0.97345 0.041000 0.00862 0.04030 0.999152",91.1876,80.398,1.1663787e-05,0.23126,1,0.938,"NNPDF4.0 NNLO alphas=0.121",0,1
236,2,FONLL-C,0,1,TRN,1.0,1.0,5,5,5,1.65,0.122,91.2,0,0.007496252,1.777,0,LL,POLE,1.51,1.51,1.0,4.92,4.92,1.0,172.5,172.5,1.0,"0.97428 0.22530 0.003470 0.22520 0.97345 0.041000 0.00862 0.04030 0.999152",91.1876,80.398,1.1663787e-05,0.23126,1,0.938,"NNPDF4.0 NNLO alphas=0.122",0,1
237,2,FONLL-C,0,1,TRN,1.0,1.0,5,5,5,1.65,0.117,91.2,0,0.007496252,1.777,0,LL,POLE,1.4,1.4,1.0,4.92,4.92,1.0,172.5,172.5,1.0,"0.97428 0.22530 0.003470 0.22520 0.97345 0.041000 0.00862 0.04030 0.999152",91.1876,80.398,1.1663787e-05,0.23126,1,0.938,"NNPDF3.1prime NNLO alphas=0.117",0,1
238,2,FONLL-C,0,1,TRN,1.0,1.0,5,5,5,1.65,0.119,91.2,0,0.007496252,1.777,0,LL,POLE,1.4,1.4,1.0,4.92,4.92,1.0,172.5,172.5,1.0,"0.97428 0.22530 0.003470 0.22520 0.97345 0.041000 0.00862 0.04030 0.999152",91.1876,80.398,1.1663787e-05,0.23126,1,0.938,"NNPDF3.1prime NNLO alphas=0.119",0,1
401,1,FONLL-B,0,1,TRN,0.5,0.5,5,5,5,1.65,0.118,91.2,0,0.007496252,1.777,0,LL,POLE,1.51,1.51,1.0,4.92,4.92,1.0,172.5,172.5,1.0,"0.97428 0.22530 0.003470 0.22520 0.97345 0.041000 0.00862 0.04030 0.999152",91.1876,80.398,1.1663787e-05,0.23126,1,0.938,"NNPDF4.0 NLO sv theory scheme B, (0.5, 0.5) point",0,1
402,1,FONLL-B,0,1,TRN,1.0,0.5,5,5,5,1.65,0.118,91.2,0,0.007496252,1.777,0,LL,POLE,1.51,1.51,1.0,4.92,4.92,1.0,172.5,172.5,1.0,"0.97428 0.22530 0.003470 0.22520 0.97345 0.041000 0.00862 0.04030 0.999152",91.1876,80.398,1.1663787e-05,0.23126,1,0.938,"NNPDF4.0 NLO sv theory scheme B, (1.0, 0.5) point",0,1
403,1,FONLL-B,0,1,TRN,2.0,0.5,5,5,5,1.65,0.118,91.2,0,0.007496252,1.777,0,LL,POLE,1.51,1.51,1.0,4.92,4.92,1.0,172.5,172.5,1.0,"0.97428 0.22530 0.003470 0.22520 0.97345 0.041000 0.00862 0.04030 0.999152",91.1876,80.398,1.1663787e-05,0.23126,1,0.938,"NNPDF4.0 NLO sv theory scheme B, (2.0, 0.5) point",0,1
404,1,FONLL-B,0,1,TRN,0.5,1.0,5,5,5,1.65,0.118,91.2,0,0.007496252,1.777,0,LL,POLE,1.51,1.51,1.0,4.92,4.92,1.0,172.5,172.5,1.0,"0.97428 0.22530 0.003470 0.22520 0.97345 0.041000 0.00862 0.04030 0.999152",91.1876,80.398,1.1663787e-05,0.23126,1,0.938,"NNPDF4.0 NLO sv theory scheme B, (0.5, 1.0) point",0,1
405,1,FONLL-B,0,1,TRN,1.0,1.0,5,5,5,1.65,0.118,91.2,0,0.007496252,1.777,0,LL,POLE,1.51,1.51,1.0,4.92,4.92,1.0,172.5,172.5,1.0,"0.97428 0.22530 0.003470 0.22520 0.97345 0.041000 0.00862 0.04030 0.999152",91.1876,80.398,1.1663787e-05,0.23126,1,0.938,"NNPDF4.0 NLO sv theory scheme B, (1.0, 1.0) point",0,1
406,1,FONLL-B,0,1,TRN,2.0,1.0,5,5,5,1.65,0.118,91.2,0,0.007496252,1.777,0,LL,POLE,1.51,1.51,1.0,4.92,4.92,1.0,172.5,172.5,1.0,"0.97428 0.22530 0.003470 0.22520 0.97345 0.041000 0.00862 0.04030 0.999152",91.1876,80.398,1.1663787e-05,0.23126,1,0.938,"NNPDF4.0 NLO sv theory scheme B, (2.0, 1.0) point",0,1
407,1,FONLL-B,0,1,TRN,0.5,2.0,5,5,5,1.65,0.118,91.2,0,0.007496252,1.777,0,LL,POLE,1.51,1.51,1.0,4.92,4.92,1.0,172.5,172.5,1.0,"0.97428 0.22530 0.003470 0.22520 0.97345 0.041000 0.00862 0.04030 0.999152",91.1876,80.398,1.1663787e-05,0.23126,1,0.938,"NNPDF4.0 NLO sv theory scheme B, (0.5, 2.0) point",0,1
408,1,FONLL-B,0,1,TRN,1.0,2.0,5,5,5,1.65,0.118,91.2,0,0.007496252,1.777,0,LL,POLE,1.51,1.51,1.0,4.92,4.92,1.0,172.5,172.5,1.0,"0.97428 0.22530 0.003470 0.22520 0.97345 0.041000 0.00862 0.04030 0.999152",91.1876,80.398,1.1663787e-05,0.23126,1,0.938,"NNPDF4.0 NLO sv theory scheme B, (1.0, 2.0) point",0,1
409,1,FONLL-B,0,1,TRN,2.0,2.0,5,5,5,1.65,0.118,91.2,0,0.007496252,1.777,0,LL,POLE,1.51,1.51,1.0,4.92,4.92,1.0,172.5,172.5,1.0,"0.97428 0.22530 0.003470 0.22520 0.97345 0.041000 0.00862 0.04030 0.999152",91.1876,80.398,1.1663787e-05,0.23126,1,0.938,"NNPDF4.0 NLO sv theory scheme B, (2.0, 2.0) point",0,1
420,2,FONLL-C,0,1,TRN,0.5,0.5,5,5,5,1.65,0.118,91.2,0,0.007496252,1.777,0,LL,POLE,1.51,1.51,1.0,4.92,4.92,1.0,172.5,172.5,1.0,"0.97428 0.22530 0.003470 0.22520 0.97345 0.041000 0.00862 0.04030 0.999152",91.1876,80.398,1.1663787e-05,0.23126,1,0.938,"NNPDF4.0 NNLO sv theory scheme B, (0.5, 0.5) point",0,1
421,2,FONLL-C,0,1,TRN,1.0,0.5,5,5,5,1.65,0.118,91.2,0,0.007496252,1.777,0,LL,POLE,1.51,1.51,1.0,4.92,4.92,1.0,172.5,172.5,1.0,"0.97428 0.22530 0.003470 0.22520 0.97345 0.041000 0.00862 0.04030 0.999152",91.1876,80.398,1.1663787e-05,0.23126,1,0.938,"NNPDF4.0 NNLO sv theory scheme B, (1.0, 0.5) point",0,1
422,2,FONLL-C,0,1,TRN,2.0,0.5,5,5,5,1.65,0.118,91.2,0,0.007496252,1.777,0,LL,POLE,1.51,1.51,1.0,4.92,4.92,1.0,172.5,172.5,1.0,"0.97428 0.22530 0.003470 0.22520 0.97345 0.041000 0.00862 0.04030 0.999152",91.1876,80.398,1.1663787e-05,0.23126,1,0.938,"NNPDF4.0 NNLO sv theory scheme B, (2.0, 0.5) point",0,1
423,2,FONLL-C,0,1,TRN,0.5,1.0,5,5,5,1.65,0.118,91.2,0,0.007496252,1.777,0,LL,POLE,1.51,1.51,1.0,4.92,4.92,1.0,172.5,172.5,1.0,"0.97428 0.22530 0.003470 0.22520 0.97345 0.041000 0.00862 0.04030 0.999152",91.1876,80.398,1.1663787e-05,0.23126,1,0.938,"NNPDF4.0 NNLO sv theory scheme B, (0.5, 1.0) point",0,1
424,2,FONLL-C,0,1,TRN,1.0,1.0,5,5,5,1.65,0.118,91.2,0,0.007496252,1.777,0,LL,POLE,1.51,1.51,1.0,4.92,4.92,1.0,172.5,172.5,1.0,"0.97428 0.22530 0.003470 0.22520 0.97345 0.041000 0.00862 0.04030 0.999152",91.1876,80.398,1.1663787e-05,0.23126,1,0.938,"NNPDF4.0 NNLO sv theory scheme B, (1.0, 1.0) point",0,1
425,2,FONLL-C,0,1,TRN,2.0,1.0,5,5,5,1.65,0.118,91.2,0,0.007496252,1.777,0,LL,POLE,1.51,1.51,1.0,4.92,4.92,1.0,172.5,172.5,1.0,"0.97428 0.22530 0.003470 0.22520 0.97345 0.041000 0.00862 0.04030 0.999152",91.1876,80.398,1.1663787e-05,0.23126,1,0.938,"NNPDF4.0 NNLO sv theory scheme B, (2.0, 1.0) point",0,1
426,2,FONLL-C,0,1,TRN,0.5,2.0,5,5,5,1.65,0.118,91.2,0,0.007496252,1.777,0,LL,POLE,1.51,1.51,1.0,4.92,4.92,1.0,172.5,172.5,1.0,"0.97428 0.22530 0.003470 0.22520 0.97345 0.041000 0.00862 0.04030 0.999152",91.1876,80.398,1.1663787e-05,0.23126,1,0.938,"NNPDF4.0 NNLO sv theory scheme B, (0.5, 2.0) point",0,1
427,2,FONLL-C,0,1,TRN,1.0,2.0,5,5,5,1.65,0.118,91.2,0,0.007496252,1.777,0,LL,POLE,1.51,1.51,1.0,4.92,4.92,1.0,172.5,172.5,1.0,"0.97428 0.22530 0.003470 0.22520 0.97345 0.041000 0.00862 0.04030 0.999152",91.1876,80.398,1.1663787e-05,0.23126,1,0.938,"NNPDF4.0 NNLO sv theory scheme B, (1.0, 2.0) point",0,1
428,2,FONLL-C,0,1,TRN,2.0,2.0,5,5,5,1.65,0.118,91.2,0,0.007496252,1.777,0,LL,POLE,1.51,1.51,1.0,4.92,4.92,1.0,172.5,172.5,1.0,"0.97428 0.22530 0.003470 0.22520 0.97345 0.041000 0.00862 0.04030 0.999152",91.1876,80.398,1.1663787e-05,0.23126,1,0.938,"NNPDF4.0 NNLO sv theory scheme B, (2.0, 2.0) point",0,1
521,2,FONLL-C,0,1,TRN,1.0,1.0,5,5,5,1.65,0.118,91.2,0,0.007496252,1.777,0,LL,POLE,1.51,1.51,1.0,4.92,4.92,1.2,172.5,172.5,1.0,"0.97428 0.22530 0.003470 0.22520 0.97345 0.041000 0.00862 0.04030 0.999152",91.1876,80.398,1.1663787e-05,0.23126,1,0.938,"NNPDF4.0 NNLO (b-threshold shifted by 1.2)",0,1